,word,type
0,operations,leading
1,new service,leading
2,stores,leading
3,deal,leading
4,passenger,leading
5,partnership,leading
6,new customer,leading
7,product,leading
8,production,leading
9,cds,leading
10,joint venture,leading
11,partner,leading
12,operation,leading
13,investment,leading
14,new factory,leading
15,new store,leading
16,properties,leading
17,capacity,leading
18,person,leading
19,efficient,pos
20,personnel,leading
21,workers,leading
22,people,leading
23,factory,leading
24,occupancy,leading
25,number of outlets,leading
26,equipment,leading
27,efficiencies,pos
28,employee,leading
29,workforce,leading
30,staff,leading
31,load factor,leading
32,new deal,leading
33,customer satisfaction,leading
34,customers,leading
35,jobs,leading
36,offering,leading
37,offer,leading
38,contracts,leading
39,worker,leading
40,price,leading
41,material,leading
42,new plant,leading
43,agreement,leading
44,outlets,leading
45,plant,leading
46,efficiency,pos
47,job,leading
48,traffic,leading
49,demand,leading
50,prices,leading
51,occupancy rate,leading
52,tariff,leading
53,new subscriber,leading
54,customer,leading
55,passengers,leading
56,patent,leading
57,persons,leading
58,employees,leading
59,utilization,leading
60,contract,leading
61,productivity,leading
62,new product,leading
63,store,leading
64,venture,leading
65,output,leading
66,headcount,leading
67,investments,leading
68,patents,leading
69,raw material,leading
70,gdp,lagging
71,roi,lagging
72,ordered,lagging
73,revenue,lagging
74,orders,lagging
75,money,lagging
76,profit before tax,lagging
77,eps,lagging
78,export,lagging
79,net sale,lagging
80,margins,lagging
81,inventories,lagging
82,ebitda,lagging
83,net sales,lagging
84,pat,lagging
85,profit,lagging
86,sale,lagging
87,return on investment,lagging
88,profitability,pos
89,inventory turns,lagging
90,return equity,lagging
91,inventory,lagging
92,interest,lagging
93,income,lagging
94,performance,lagging
95,operating result,lagging
96,market share,lagging
97,inventory turn,lagging
98,exports,lagging
99,earnings,lagging
100,equity,lagging
101,sales,lagging
102,volume,lagging
103,sales volume,lagging
104,earning,lagging
105,sales numbers,lagging
106,dividend,lagging
107,ebit,lagging
108,operating profit,lagging
109,pbt,lagging
110,cash flow,lagging
111,revenues,lagging
112,return on capital,lagging
113,order size,lagging
114,cash,lagging
115,return capital,lagging
116,profit after tax,lagging
117,profits,lagging
118,turnover,lagging
119,return investment,lagging
120,return on equity,lagging
121,margin,lagging
122,order,lagging
123,order frequency,lagging
124,earnings per share,lagging
125,loss,neg
126,consumption,lagging-rev
127,tax,lagging-rev
128,operating expense,lagging-rev
129,costs,lagging-rev
130,taxes,lagging-rev
131,expenses,lagging-rev
132,operating loss,lagging-rev
133,cost,lagging-rev
134,operating cost,lagging-rev
135,net loss,lagging-rev
136,expense,lagging-rev
137,win-win,up
138,rocketed,up
139,rocket,up
140,less,down
141,reductions,down
142,saves,up
143,terminate,neg
144,surpass,pos
145,cuts,down
146,widen,up
147,saved,up
148,boosts,up
149,cut,neg
150,violate,neg
151,rose,up
152,decreases,down
153,slips,down
154,decreased,down
155,swinged,up
156,save,up
157,narrows,down
158,increased,up
159,triple,up
160,beat,up
161,lay-offs,down
162,downs,down
163,rise,up
164,upgrade,up
165,increases,up
166,burden,neg
167,fall,down
168,quadrupled,up
169,shutted,down
170,lost,neg
171,outperform,pos
172,reduces,down
173,drop,down
174,laying,down
175,doubled,up
176,shrink,down
177,slide,down
178,rockets,up
179,hike,up
180,doubles,up
181,soar,up
182,reduced,down
183,raises,up
184,strengthened,pos
185,exceed,up
186,plummet,down
187,burdens,neg
188,declines,neg
189,violated,neg
190,signs,up
191,reduce,down
192,sign,up
193,jump,up
194,widened,up
195,slowed,neg
196,burdened,neg
197,slumps,down
198,strengthenes,up
199,exceeded,up
200,violates,neg
201,declined,neg
202,risen,up
203,bullish,up
204,jumped,up
205,bearish,down
206,ups,up
207,increase,up
208,speeded,up
209,laid,down
210,won,up
211,slash,down
212,liquidate,neg
213,falling,down
214,boost,pos
215,jumps,up
216,speed,up
217,multiplied,up
218,shut,neg
219,triples,up
220,recruits,up
221,fluctuates,down
222,terminated,neg
223,climbs,up
224,downgrades,neg
225,weak,neg
226,fluctuated,down
227,slow,neg
228,awards,up
229,negatives,neg
230,multiplies,up
231,downgrade,neg
232,rises,up
233,downgraded,neg
234,improve,pos
235,gained,pos
236,lay-off,down
237,plunges,down
238,improved,pos
239,tripled,up
240,climbed,up
241,diminished,neg
242,surge,up
243,improves,pos
244,plummets,down
245,exceeds,up
246,climb,up
247,narrow,down
248,warning,neg
249,speeds,up
250,struggle,neg
251,upgraded,up
252,raised,up
253,saving,up
254,slipped,down
255,redundants,down
256,lifted,up
257,height,up
258,down,down
259,losing,neg
260,decrease,down
261,quadruple,up
262,losses,neg
263,narrowed,down
264,awarded,up
265,decline,neg
266,swings,up
267,raise,up
268,pos,pos
269,neg,neg
270,liquidated,neg
271,heights,up
272,reduction,down
273,low,down
274,terminates,neg
275,recommend,up
276,liquidates,neg
277,recruited,up
278,more,up
279,lowest,down
280,plunge,down
281,widens,up
282,surges,up
283,slump,down
284,award,up
285,shrunk,down
286,slides,down
287,lift,up
288,gain,pos
289,surged,up
290,upgrades,up
291,grew,up
292,double,up
293,expanded,up
294,plunged,down
295,recruit,up
296,signed,up
297,below,down
298,growth,up
299,drops,down
300,slashes,down
301,slid,down
302,layoff,neg
303,shrinks,down
304,up,up
305,strengthen,pos
306,high,up
307,outperforms,pos
308,beats,up
309,recommends,up
310,dropped,neg
311,slip,down
312,gains,pos
313,grown,up
314,shuts,neg
315,weakened,neg
316,struggles,neg
317,dismissed,neg
318,surpassed,pos
319,recommended,up
320,lifts,up
321,surpasses,pos
322,struggled,down
323,layoffs,neg
324,grows,up
325,higher,up
326,slows,down
327,warnings,neg
328,boosted,pos
329,swing,up
330,outperformed,pos
331,falls,down
332,fell,down
333,shrank,down
334,eaten,down
335,multiply,up
336,positives,up
337,fluctuate,down
338,grow,up
339,expand,up
340,lower,down
341,halved,down
342,hiked,up
343,redundant,down
344,hikes,up
345,savings,up
346,weaks,down
347,expands,up
348,lows,down
349,desirable,pos
350,invent,pos
351,enjoyable,pos
352,abundant,pos
353,integrity,pos
354,outperforming,pos
355,honoring,pos
356,opportunities,pos
357,stable,pos
358,stabilizing,pos
359,enjoying,pos
360,friendly,pos
361,collaborate,pos
362,advantage,pos
363,enjoyably,pos
364,exclusives,pos
365,impressive,pos
366,solves,pos
367,excellence,pos
368,enhance,pos
369,enjoy,pos
370,tremendously,pos
371,regained,pos
372,complimented,pos
373,enhancement,pos
374,honors,pos
375,advantageous,pos
376,revolutionize,pos
377,pleased,pos
378,succeeds,pos
379,satisfy,pos
380,advantageously,pos
381,empower,pos
382,desired,pos
383,strong,pos
384,great,pos
385,accomplishes,pos
386,brilliant,pos
387,exceptionally,pos
388,accomplished,pos
389,innovativeness,pos
390,lucrative,pos
391,honor,pos
392,fantastic,pos
393,stabilization,pos
394,win,pos
395,collaborating,pos
396,distinctiveness,pos
397,assuring,pos
398,achieving,pos
399,successful,pos
400,benefiting,pos
401,impress,pos
402,excellent,pos
403,abundance,pos
404,rebounding,pos
405,stabilized,pos
406,accomplishment,pos
407,benefitting,pos
408,stabilizes,pos
409,transparency,pos
410,beautiful,pos
411,ingenuity,pos
412,attain,pos
413,bolstered,pos
414,advancing,pos
415,winners,pos
416,revolutionizing,pos
417,spectacularly,pos
418,destined,pos
419,improving,pos
420,efficiently,pos
421,succeeded,pos
422,pleasure,pos
423,dream,pos
424,exclusive,pos
425,satisfied,pos
426,stability,pos
427,innovative,pos
428,satisfies,pos
429,perfect,pos
430,superior,pos
431,solving,pos
432,winning,pos
433,better,pos
434,easier,pos
435,good,pos
436,greater,pos
437,attains,pos
438,easily,pos
439,stabilize,pos
440,delightful,pos
441,prospers,pos
442,bolstering,pos
443,exclusiveness,pos
444,breakthrough,pos
445,adequately,pos
446,unsurpassed,pos
447,accomplish,pos
448,collaborates,pos
449,collaborated,pos
450,honorable,pos
451,achievements,pos
452,advantaged,pos
453,assured,pos
454,favored,pos
455,pleasant,pos
456,assures,pos
457,advantages,pos
458,delightfully,pos
459,delight,pos
460,favoring,pos
461,regaining,pos
462,attainments,pos
463,benefited,pos
464,encouraging,pos
465,improvements,pos
466,leading,pos
467,plentiful,pos
468,perfectly,pos
469,insightful,pos
470,rewards,pos
471,enhancing,pos
472,happily,pos
473,favorably,pos
474,innovate,pos
475,favorable,pos
476,inventing,pos
477,versatility,pos
478,positively,pos
479,inventor,pos
480,compliments,pos
481,collaborations,pos
482,enabled,pos
483,inventiveness,pos
484,innovated,pos
485,proactive,pos
486,premier,pos
487,prestigious,pos
488,prosperity,pos
489,strength,pos
490,empowered,pos
491,able,pos
492,ideal,pos
493,satisfactory,pos
494,creatively,pos
495,innovator,pos
496,conducive,pos
497,attractiveness,pos
498,collaboration,pos
499,excelling,pos
500,excels,pos
501,vibrancy,pos
502,prestige,pos
503,achievement,pos
504,enthusiastic,pos
505,popularity,pos
506,stronger,pos
507,charitable,pos
508,creativeness,pos
509,impressively,pos
510,exclusivity,pos
511,enjoyed,pos
512,winner,pos
513,inventions,pos
514,attained,pos
515,enthusiasm,pos
516,achieve,pos
517,exceptional,pos
518,revolutionized,pos
519,despite,pos
520,happiest,pos
521,revolutionizes,pos
522,resolve,pos
523,complimenting,pos
524,courteous,pos
525,enhances,pos
526,inventive,pos
527,achieved,pos
528,encourages,pos
529,achieves,pos
530,enhanced,pos
531,rewarded,pos
532,best,pos
533,encouraged,pos
534,satisfying,pos
535,distinctive,pos
536,succeeding,pos
537,progress,pos
538,enjoys,pos
539,compliment,pos
540,smooths,pos
541,succeed,pos
542,proficiently,pos
543,empowering,pos
544,collaborators,pos
545,diligent,pos
546,attainment,pos
547,successes,pos
548,distinctively,pos
549,enabling,pos
550,assure,pos
551,upturns,pos
552,distinction,pos
553,innovating,pos
554,exemplary,pos
555,innovations,pos
556,satisfaction,pos
557,constructively,pos
558,accomplishing,pos
559,invented,pos
560,enhancements,pos
561,tremendous,pos
562,rebounded,pos
563,creativity,pos
564,confident,pos
565,dependable,pos
566,collaborator,pos
567,delights,pos
568,enable,pos
569,prosperous,pos
570,meritorious,pos
571,advancements,pos
572,influential,pos
573,preeminent,pos
574,encouragement,pos
575,optimistic,pos
576,beautifully,pos
577,alliances,pos
578,progressing,pos
579,enjoyment,pos
580,premiere,pos
581,proficiency,pos
582,prospered,pos
583,favorites,pos
584,impressing,pos
585,opportunity,pos
586,pleasantly,pos
587,upturn,pos
588,greatest,pos
589,inspirational,pos
590,prospering,pos
591,reward,pos
592,valuable,pos
593,happiness,pos
594,profitable,pos
595,advancement,pos
596,exclusively,pos
597,improvement,pos
598,attractive,pos
599,easy,pos
600,profitably,pos
601,excited,pos
602,dependability,pos
603,spectacular,pos
604,advances,pos
605,rebound,pos
606,progressed,pos
607,perfects,pos
608,enthusiastically,pos
609,progresses,pos
610,strengths,pos
611,success,pos
612,vibrant,pos
613,informative,pos
614,benefit,pos
615,popular,pos
616,beneficial,pos
617,honored,pos
618,smoothly,pos
619,successfully,pos
620,strongest,pos
621,perfected,pos
622,booming,pos
623,conclusive,pos
624,beneficially,pos
625,breakthroughs,pos
626,proficient,pos
627,unmatched,pos
628,creative,pos
629,rewarding,pos
630,innovation,pos
631,regain,pos
632,benefitted,pos
633,constructive,pos
634,leadership,pos
635,worthy,pos
636,exciting,pos
637,favorite,pos
638,greatly,pos
639,complimentary,pos
640,alliance,pos
641,delighted,pos
642,accomplishments,pos
643,impressed,pos
644,stabilizations,pos
645,innovates,pos
646,distinctions,pos
647,smoothing,pos
648,impresses,pos
649,greatness,pos
650,innovators,pos
651,happy,pos
652,conclusively,pos
653,bolsters,pos
654,delighting,pos
655,satisfactorily,pos
656,highest,pos
657,versatile,pos
658,proactively,pos
659,receptive,pos
660,smooth,pos
661,excitement,pos
662,strengthens,pos
663,diligently,pos
664,strengthening,pos
665,surpassing,pos
666,acclaimed,pos
667,incredible,pos
668,unparalleled,pos
669,boom,pos
670,incredibly,pos
671,gaining,pos
672,collaborative,pos
673,empowers,pos
674,inspiration,pos
675,preeminence,pos
676,loyal,pos
677,attaining,pos
678,restates,neg
679,interference,neg
680,dissolution,neg
681,obstruction,neg
682,protest,neg
683,controversial,neg
684,shrinkages,neg
685,defraud,neg
686,poorly,neg
687,demotes,neg
688,revoking,neg
689,obstructions,neg
690,crises,neg
691,nullifications,neg
692,bailout,neg
693,demoted,neg
694,immature,neg
695,distorts,neg
696,unsold,neg
697,misunderstanding,neg
698,distort,neg
699,redact,neg
700,malfunctioned,neg
701,disturb,neg
702,exaggerate,neg
703,persisted,neg
704,abolishing,neg
705,monopolized,neg
706,foregoes,neg
707,uncovers,neg
708,picketed,neg
709,diverting,neg
710,warns,neg
711,infringes,neg
712,complicates,neg
713,resignations,neg
714,errors,neg
715,restatements,neg
716,deliberate,neg
717,worsen,neg
718,overages,neg
719,uneconomically,neg
720,improperly,neg
721,misjudged,neg
722,deteriorations,neg
723,interrupting,neg
724,usurps,neg
725,moratoriums,neg
726,misjudges,neg
727,contentions,neg
728,aftermath,neg
729,noncompliant,neg
730,contraction,neg
731,stresses,neg
732,inefficiently,neg
733,unwillingness,neg
734,ridicule,neg
735,postpones,neg
736,controversy,neg
737,harass,neg
738,pled,neg
739,stressed,neg
740,unwanted,neg
741,postponed,neg
742,cancellation,neg
743,criticism,neg
744,ridiculed,neg
745,inequitable,neg
746,summons,neg
747,inequitably,neg
748,ridicules,neg
749,counterfeiters,neg
750,circumvent,neg
751,devastation,neg
752,criminals,neg
753,unfunded,neg
754,overshadow,neg
755,discrepancies,neg
756,nonperformances,neg
757,distortions,neg
758,abusing,neg
759,dispossessing,neg
760,redefaulted,neg
761,expose,neg
762,hurt,neg
763,warn,neg
764,disruption,neg
765,tolerates,neg
766,outdated,neg
767,slowest,neg
768,overrun,neg
769,worst,neg
770,divorced,neg
771,cancellations,neg
772,deficiencies,neg
773,exploitative,neg
774,pervasiveness,neg
775,criticizing,neg
776,anticompetitive,neg
777,collapsing,neg
778,culpability,neg
779,stagnated,neg
780,deadweight,neg
781,unjust,neg
782,stressing,neg
783,disparagement,neg
784,impair,neg
785,nonrenewal,neg
786,stagnates,neg
787,caution,neg
788,untruthful,neg
789,riskiest,neg
790,worse,neg
791,collude,neg
792,complaining,neg
793,damage,neg
794,cutback,neg
795,implicating,neg
796,faults,neg
797,unexcused,neg
798,sever,neg
799,accusations,neg
800,disappoint,neg
801,faulty,neg
802,resignation,neg
803,undesirable,neg
804,arrearages,neg
805,insecure,neg
806,harmfully,neg
807,wrong,neg
808,sentencing,neg
809,suing,neg
810,misleads,neg
811,severity,neg
812,inactivity,neg
813,undesired,neg
814,alienate,neg
815,neglect,neg
816,defaced,neg
817,fictitious,neg
818,uninsured,neg
819,fraudulently,neg
820,perpetrates,neg
821,unremedied,neg
822,misdemeanor,neg
823,inconclusive,neg
824,undetected,neg
825,tolerating,neg
826,overcomes,neg
827,weakens,neg
828,misconduct,neg
829,unrest,neg
830,understates,neg
831,defrauded,neg
832,unforeseen,neg
833,underinsured,neg
834,destroyed,neg
835,degradations,neg
836,understated,neg
837,persist,neg
838,disgorgements,neg
839,dissolutions,neg
840,bankrupts,neg
841,overcome,neg
842,reassessments,neg
843,undercut,neg
844,unfortunate,neg
845,bans,neg
846,underperform,neg
847,weakness,neg
848,unemployed,neg
849,repudiating,neg
850,misstate,neg
851,intimidation,neg
852,break,neg
853,inactivations,neg
854,enjoining,neg
855,divesting,neg
856,disreputable,neg
857,straining,neg
858,demotion,neg
859,confronting,neg
860,arrested,neg
861,lockout,neg
862,interfering,neg
863,noncompliance,neg
864,confiscations,neg
865,unwelcome,neg
866,interruption,neg
867,crimes,neg
868,displacement,neg
869,deadlocked,neg
870,contend,neg
871,depress,neg
872,disloyalty,neg
873,redressed,neg
874,downtimes,neg
875,crucial,neg
876,tolerated,neg
877,redresses,neg
878,standstills,neg
879,arrests,neg
880,sluggish,neg
881,disagreements,neg
882,misrepresentations,neg
883,disputed,neg
884,barrier,neg
885,abdicated,neg
886,threatened,neg
887,fugitive,neg
888,redacting,neg
889,renouncing,neg
890,curtailment,neg
891,corrects,neg
892,inadequately,neg
893,obstructing,neg
894,abdicates,neg
895,exposing,neg
896,condemnations,neg
897,conceding,neg
898,disturbed,neg
899,oppose,neg
900,ineffectively,neg
901,mislabel,neg
902,breakages,neg
903,miscalculation,neg
904,implicates,neg
905,deplete,neg
906,disappearing,neg
907,underproduced,neg
908,implicated,neg
909,dysfunction,neg
910,misusing,neg
911,defaulting,neg
912,protracted,neg
913,disgorged,neg
914,disqualifications,neg
915,overstating,neg
916,disgorges,neg
917,damaging,neg
918,reparation,neg
919,collapse,neg
920,rejected,neg
921,downsize,neg
922,defaulted,neg
923,wasted,neg
924,abandoning,neg
925,peril,neg
926,conciliations,neg
927,delists,neg
928,illiquidity,neg
929,scrutinize,neg
930,idle,neg
931,rationalization,neg
932,prone,neg
933,unintended,neg
934,alleging,neg
935,encumbered,neg
936,nonattainment,neg
937,nonconforming,neg
938,repossesses,neg
939,infringed,neg
940,forced,neg
941,demotions,neg
942,unobtainable,neg
943,divulge,neg
944,misclassify,neg
945,imprudent,neg
946,concedes,neg
947,detained,neg
948,distracts,neg
949,diminishing,neg
950,sue,neg
951,conceded,neg
952,drought,neg
953,inconsistency,neg
954,miscalculates,neg
955,antitrust,neg
956,circumvention,neg
957,incompatible,neg
958,fugitives,neg
959,inaccuracies,neg
960,disruptions,neg
961,detriment,neg
962,unperformed,neg
963,annoyed,neg
964,incomplete,neg
965,mishandling,neg
966,writeoff,neg
967,undue,neg
968,disturbs,neg
969,bail,neg
970,acquit,neg
971,delays,neg
972,wasteful,neg
973,nullified,neg
974,criticizes,neg
975,hostility,neg
976,degradation,neg
977,criticized,neg
978,shutting,neg
979,slanderous,neg
980,downtime,neg
981,impractical,neg
982,suffers,neg
983,exculpates,neg
984,distracting,neg
985,egregious,neg
986,collusion,neg
987,irregularities,neg
988,bad,neg
989,exculpated,neg
990,precluding,neg
991,erroneous,neg
992,disaster,neg
993,litigates,neg
994,alienations,neg
995,unexpectedly,neg
996,corrupt,neg
997,disturbing,neg
998,resigned,neg
999,scrutinizing,neg
1000,inappropriate,neg
1001,mismanaging,neg
1002,reassigned,neg
1003,deceptively,neg
1004,tainted,neg
1005,solvencies,neg
1006,objectionably,neg
1007,unconscionable,neg
1008,failings,neg
1009,disavowed,neg
1010,misinforms,neg
1011,felony,neg
1012,annulling,neg
1013,detracting,neg
1014,outages,neg
1015,accident,neg
1016,violators,neg
1017,sacrificing,neg
1018,irregular,neg
1019,fault,neg
1020,ill,neg
1021,penalizing,neg
1022,against,neg
1023,monopolize,neg
1024,argue,neg
1025,confronted,neg
1026,overstatements,neg
1027,obscenity,neg
1028,foreclosing,neg
1029,miscommunication,neg
1030,inactivate,neg
1031,litigant,neg
1032,penalize,neg
1033,petty,neg
1034,downsizings,neg
1035,condemned,neg
1036,disgracefully,neg
1037,impeding,neg
1038,detrimental,neg
1039,renegotiation,neg
1040,unknowingly,neg
1041,incompetent,neg
1042,counterclaiming,neg
1043,inattention,neg
1044,dismiss,neg
1045,jeopardized,neg
1046,confinement,neg
1047,doubts,neg
1048,evasions,neg
1049,harshness,neg
1050,unpopular,neg
1051,harms,neg
1052,redaction,neg
1053,unavailability,neg
1054,moratorium,neg
1055,abrupt,neg
1056,stopping,neg
1057,mistake,neg
1058,exoneration,neg
1059,vulnerability,neg
1060,evicting,neg
1061,discredits,neg
1062,defeated,neg
1063,disfavored,neg
1064,invalidates,neg
1065,noncompetitive,neg
1066,impasses,neg
1067,ignoring,neg
1068,disappear,neg
1069,overstated,neg
1070,damaged,neg
1071,adversaries,neg
1072,circumventing,neg
1073,disclaims,neg
1074,disparages,neg
1075,drawback,neg
1076,damages,neg
1077,overstates,neg
1078,incorrectly,neg
1079,disparaged,neg
1080,indictment,neg
1081,convictions,neg
1082,harming,neg
1083,acquitting,neg
1084,devalues,neg
1085,inadvertently,neg
1086,closings,neg
1087,devalued,neg
1088,miscalculating,neg
1089,censures,neg
1090,weakly,neg
1091,intrusion,neg
1092,embarrassments,neg
1093,failing,neg
1094,investigation,neg
1095,taint,neg
1096,detracted,neg
1097,unsuitable,neg
1098,impediment,neg
1099,subpoena,neg
1100,incapable,neg
1101,censured,neg
1102,claims,neg
1103,misrepresents,neg
1104,inadvisability,neg
1105,stringent,neg
1106,perpetration,neg
1107,unemployment,neg
1108,scam,neg
1109,unfair,neg
1110,disallowances,neg
1111,breaching,neg
1112,resigning,neg
1113,impending,neg
1114,forfeiture,neg
1115,dissenters,neg
1116,underproduction,neg
1117,deters,neg
1118,insubordination,neg
1119,disparity,neg
1120,inefficiencies,neg
1121,delinquents,neg
1122,erratically,neg
1123,insensitive,neg
1124,involuntary,neg
1125,incorrectness,neg
1126,breaks,neg
1127,disagreement,neg
1128,provoked,neg
1129,injuring,neg
1130,poses,neg
1131,unfounded,neg
1132,disadvantage,neg
1133,eroded,neg
1134,vitiating,neg
1135,repossessed,neg
1136,contradict,neg
1137,dishonest,neg
1138,unnecessary,neg
1139,lapsed,neg
1140,intermittently,neg
1141,misled,neg
1142,underestimating,neg
1143,erodes,neg
1144,lapses,neg
1145,misdemeanors,neg
1146,conciliation,neg
1147,frustrations,neg
1148,coerce,neg
1149,encumbrances,neg
1150,harassment,neg
1151,confusing,neg
1152,denies,neg
1153,unsuspecting,neg
1154,unavoidable,neg
1155,deleterious,neg
1156,adversities,neg
1157,summoned,neg
1158,denied,neg
1159,convict,neg
1160,precluded,neg
1161,defend,neg
1162,discontinues,neg
1163,underperformed,neg
1164,disappeared,neg
1165,encumbers,neg
1166,disappearances,neg
1167,confrontation,neg
1168,defensive,neg
1169,limitation,neg
1170,boycotts,neg
1171,anomalous,neg
1172,disqualifies,neg
1173,undocumented,neg
1174,misleading,neg
1175,restate,neg
1176,lacked,neg
1177,voiding,neg
1178,indecency,neg
1179,disgorging,neg
1180,overloads,neg
1181,infraction,neg
1182,obscene,neg
1183,uncontrolled,neg
1184,undermining,neg
1185,problematical,neg
1186,errs,neg
1187,attrition,neg
1188,defendants,neg
1189,nuisance,neg
1190,annoyance,neg
1191,deception,neg
1192,deliberated,neg
1193,undercapitalized,neg
1194,lags,neg
1195,repudiate,neg
1196,racketeer,neg
1197,wrongdoing,neg
1198,questionable,neg
1199,moratoria,neg
1200,underestimated,neg
1201,insurrection,neg
1202,reassign,neg
1203,bottlenecks,neg
1204,discourage,neg
1205,underperformance,neg
1206,failure,neg
1207,underestimates,neg
1208,overburden,neg
1209,questionably,neg
1210,underfunded,neg
1211,misinform,neg
1212,mislabels,neg
1213,prosecutions,neg
1214,encumber,neg
1215,complications,neg
1216,prematurely,neg
1217,plaintiffs,neg
1218,cutbacks,neg
1219,untrusted,neg
1220,disgrace,neg
1221,impropriety,neg
1222,scandalous,neg
1223,disfavors,neg
1224,disclosing,neg
1225,opportunistic,neg
1226,difficultly,neg
1227,adversely,neg
1228,annoying,neg
1229,injurious,neg
1230,interferences,neg
1231,protested,neg
1232,detriments,neg
1233,disloyal,neg
1234,falsely,neg
1235,stagnant,neg
1236,protester,neg
1237,evasive,neg
1238,unwilling,neg
1239,erosion,neg
1240,misinterpreted,neg
1241,disastrously,neg
1242,writedowns,neg
1243,protestor,neg
1244,insolvency,neg
1245,impounded,neg
1246,outage,neg
1247,insurrections,neg
1248,expropriate,neg
1249,uncovered,neg
1250,cautioning,neg
1251,serious,neg
1252,overturned,neg
1253,renegotiating,neg
1254,overdue,neg
1255,disaffiliation,neg
1256,incarcerate,neg
1257,irrecoverably,neg
1258,revoke,neg
1259,omits,neg
1260,disfavor,neg
1261,disrepute,neg
1262,slandered,neg
1263,mismanages,neg
1264,unmerchantable,neg
1265,irrecoverable,neg
1266,bribes,neg
1267,deceitful,neg
1268,prejudicial,neg
1269,shrinkage,neg
1270,disapproves,neg
1271,suspending,neg
1272,prolonging,neg
1273,bribed,neg
1274,weakening,neg
1275,disapproved,neg
1276,outmoded,neg
1277,misstatements,neg
1278,protestors,neg
1279,untruthfully,neg
1280,unavoidably,neg
1281,untenable,neg
1282,trouble,neg
1283,evaded,neg
1284,accidentally,neg
1285,evades,neg
1286,defaults,neg
1287,encroach,neg
1288,disqualify,neg
1289,unaware,neg
1290,arrears,neg
1291,unexpected,neg
1292,slower,neg
1293,extenuating,neg
1294,hindered,neg
1295,injunction,neg
1296,obsolete,neg
1297,refusing,neg
1298,disassociating,neg
1299,endangering,neg
1300,stressful,neg
1301,rationalized,neg
1302,suspect,neg
1303,dishonored,neg
1304,underpays,neg
1305,dishonestly,neg
1306,unintentionally,neg
1307,unsure,neg
1308,clawback,neg
1309,involuntarily,neg
1310,disclaim,neg
1311,unknowing,neg
1312,impounds,neg
1313,deceit,neg
1314,severities,neg
1315,unlawful,neg
1316,demolishing,neg
1317,coerced,neg
1318,disavow,neg
1319,vitiates,neg
1320,exploitation,neg
1321,coerces,neg
1322,burdensome,neg
1323,ineffective,neg
1324,absenteeism,neg
1325,vitiated,neg
1326,ineffectiveness,neg
1327,penalizes,neg
1328,divulges,neg
1329,curtailing,neg
1330,defer,neg
1331,problematic,neg
1332,refuses,neg
1333,bribery,neg
1334,contradictions,neg
1335,penalized,neg
1336,discrediting,neg
1337,crisis,neg
1338,overruns,neg
1339,opposes,neg
1340,resigns,neg
1341,shortfalls,neg
1342,opposed,neg
1343,obsolescence,neg
1344,unwarranted,neg
1345,conciliating,neg
1346,annuls,neg
1347,neglected,neg
1348,conspire,neg
1349,dismal,neg
1350,degrade,neg
1351,voided,neg
1352,incompetents,neg
1353,demolish,neg
1354,oversupplies,neg
1355,defeats,neg
1356,overproduces,neg
1357,overloaded,neg
1358,strain,neg
1359,impasse,neg
1360,incidents,neg
1361,dispossess,neg
1362,disparagements,neg
1363,miscalculations,neg
1364,deadweights,neg
1365,impracticality,neg
1366,corrupted,neg
1367,acquittals,neg
1368,contradicts,neg
1369,inexperience,neg
1370,posing,neg
1371,overproducing,neg
1372,confuses,neg
1373,provoke,neg
1374,bankrupt,neg
1375,harmed,neg
1376,mismanagement,neg
1377,infringements,neg
1378,monopolization,neg
1379,detentions,neg
1380,displacements,neg
1381,deteriorate,neg
1382,deviated,neg
1383,dampened,neg
1384,misrepresented,neg
1385,misjudgments,neg
1386,depriving,neg
1387,deviates,neg
1388,underperforms,neg
1389,drastic,neg
1390,destructive,neg
1391,disqualified,neg
1392,disagreeable,neg
1393,stress,neg
1394,fraudulence,neg
1395,summoning,neg
1396,downsizes,neg
1397,deceive,neg
1398,downsized,neg
1399,misplaced,neg
1400,worsens,neg
1401,unfavorably,neg
1402,deadlocking,neg
1403,foreclosure,neg
1404,misapplication,neg
1405,forfeit,neg
1406,seizing,neg
1407,unacceptable,neg
1408,embezzlement,neg
1409,unacceptably,neg
1410,incapacity,neg
1411,disparities,neg
1412,relinquishes,neg
1413,omitting,neg
1414,argued,neg
1415,encumbrance,neg
1416,restructurings,neg
1417,lackluster,neg
1418,terminations,neg
1419,undermined,neg
1420,troubles,neg
1421,corruptness,neg
1422,inflicted,neg
1423,wasting,neg
1424,suspicion,neg
1425,disassociations,neg
1426,suspension,neg
1427,troubled,neg
1428,undermines,neg
1429,inefficiency,neg
1430,downsizing,neg
1431,spammers,neg
1432,mismatches,neg
1433,embezzling,neg
1434,unplanned,neg
1435,halt,neg
1436,devastated,neg
1437,undisclosed,neg
1438,depletions,neg
1439,mismatched,neg
1440,relinquished,neg
1441,unpredictability,neg
1442,susceptibility,neg
1443,lockouts,neg
1444,endangerment,neg
1445,careless,neg
1446,suspends,neg
1447,instability,neg
1448,subjection,neg
1449,unproductive,neg
1450,fired,neg
1451,challenged,neg
1452,abnormal,neg
1453,challenges,neg
1454,dissenting,neg
1455,disasters,neg
1456,abdication,neg
1457,devaluing,neg
1458,unsaleable,neg
1459,inadequacy,neg
1460,cancels,neg
1461,collisions,neg
1462,seriously,neg
1463,condemns,neg
1464,imperative,neg
1465,discontinuances,neg
1466,unfitness,neg
1467,inaction,neg
1468,lag,neg
1469,invalidation,neg
1470,falsifications,neg
1471,unfriendly,neg
1472,felonies,neg
1473,complicated,neg
1474,plea,neg
1475,tightening,neg
1476,vitiation,neg
1477,riskier,neg
1478,inevitable,neg
1479,forbids,neg
1480,unsound,neg
1481,deprivation,neg
1482,misuses,neg
1483,unpaid,neg
1484,invalidity,neg
1485,misused,neg
1486,discontinued,neg
1487,suspend,neg
1488,omitted,neg
1489,indecent,neg
1490,misdated,neg
1491,suspended,neg
1492,impossible,neg
1493,demote,neg
1494,misappropriating,neg
1495,incompetently,neg
1496,disinterested,neg
1497,forfeiting,neg
1498,monopolizing,neg
1499,uncorrected,neg
1500,unduly,neg
1501,tragic,neg
1502,foreclose,neg
1503,lingering,neg
1504,unprofitability,neg
1505,inefficient,neg
1506,allegedly,neg
1507,subpoenas,neg
1508,overcapacity,neg
1509,expulsions,neg
1510,disassociation,neg
1511,illegality,neg
1512,unfortunately,neg
1513,depressed,neg
1514,disavowing,neg
1515,reassignment,neg
1516,depresses,neg
1517,unsubstantiated,neg
1518,contentious,neg
1519,correction,neg
1520,confessed,neg
1521,nuisances,neg
1522,argument,neg
1523,invalidated,neg
1524,picketing,neg
1525,conspiracy,neg
1526,distorted,neg
1527,abnormalities,neg
1528,confesses,neg
1529,mislead,neg
1530,overburdened,neg
1531,downwards,neg
1532,overcoming,neg
1533,shocked,neg
1534,endangered,neg
1535,unlawfully,neg
1536,unsuitably,neg
1537,destroy,neg
1538,impairment,neg
1539,investigations,neg
1540,arguing,neg
1541,incidence,neg
1542,indicted,neg
1543,assault,neg
1544,complaints,neg
1545,knowingly,neg
1546,precludes,neg
1547,hardships,neg
1548,annul,neg
1549,defeating,neg
1550,unfulfilled,neg
1551,disavows,neg
1552,erred,neg
1553,perpetrated,neg
1554,drastically,neg
1555,inequity,neg
1556,usurp,neg
1557,allegations,neg
1558,exculpating,neg
1559,inconsistent,neg
1560,misrepresenting,neg
1561,downturns,neg
1562,crime,neg
1563,overage,neg
1564,cautioned,neg
1565,counterclaimed,neg
1566,dispute,neg
1567,bankrupting,neg
1568,mistrial,neg
1569,exaggeration,neg
1570,condemning,neg
1571,denials,neg
1572,unethical,neg
1573,cautionary,neg
1574,closure,neg
1575,verdicts,neg
1576,encroached,neg
1577,suspects,neg
1578,sabotage,neg
1579,encroaches,neg
1580,kickbacks,neg
1581,worries,neg
1582,uncover,neg
1583,disparage,neg
1584,unlicensed,neg
1585,worrying,neg
1586,ignored,neg
1587,culpably,neg
1588,incarcerated,neg
1589,uneconomical,neg
1590,closures,neg
1591,unfit,neg
1592,ignores,neg
1593,culpable,neg
1594,invalidating,neg
1595,underpaid,neg
1596,incarcerates,neg
1597,misappropriated,neg
1598,fails,neg
1599,misinterpretations,neg
1600,misappropriates,neg
1601,renouncements,neg
1602,underutilization,neg
1603,inappropriately,neg
1604,aberration,neg
1605,racketeering,neg
1606,circumventions,neg
1607,overcharge,neg
1608,harshly,neg
1609,uncompleted,neg
1610,undermine,neg
1611,cybercriminals,neg
1612,uneconomic,neg
1613,disappointment,neg
1614,fined,neg
1615,disloyally,neg
1616,evict,neg
1617,impediments,neg
1618,destabilized,neg
1619,usurious,neg
1620,deviating,neg
1621,accusation,neg
1622,exploit,neg
1623,dereliction,neg
1624,assertions,neg
1625,cancel,neg
1626,misapplying,neg
1627,counterfeiting,neg
1628,panics,neg
1629,punishes,neg
1630,undercuts,neg
1631,escalated,neg
1632,concede,neg
1633,punished,neg
1634,dangers,neg
1635,escalates,neg
1636,anomalously,neg
1637,nonproductive,neg
1638,forecloses,neg
1639,discontinuing,neg
1640,subjecting,neg
1641,foreclosed,neg
1642,suspicions,neg
1643,suspected,neg
1644,colluding,neg
1645,abdicating,neg
1646,falsifies,neg
1647,premature,neg
1648,expropriated,neg
1649,unreported,neg
1650,expropriates,neg
1651,investigating,neg
1652,falsified,neg
1653,unsatisfactory,neg
1654,discrepancy,neg
1655,canceled,neg
1656,pleads,neg
1657,purportedly,neg
1658,dangerously,neg
1659,demolition,neg
1660,worry,neg
1661,unreceptive,neg
1662,erroneously,neg
1663,harsh,neg
1664,mispricing,neg
1665,threatens,neg
1666,revokes,neg
1667,pretrial,neg
1668,inquiry,neg
1669,arguments,neg
1670,vandalism,neg
1671,struggling,neg
1672,breakdown,neg
1673,investigated,neg
1674,disadvantages,neg
1675,devolves,neg
1676,refusal,neg
1677,incarceration,neg
1678,disincentives,neg
1679,disadvantaged,neg
1680,annulled,neg
1681,diversion,neg
1682,investigates,neg
1683,unqualified,neg
1684,illicitly,neg
1685,mistrials,neg
1686,dishonorably,neg
1687,devolved,neg
1688,complained,neg
1689,breakdowns,neg
1690,inactivating,neg
1691,slanders,neg
1692,intermittent,neg
1693,falsification,neg
1694,disregards,neg
1695,oppositions,neg
1696,severe,neg
1697,renegotiations,neg
1698,inability,neg
1699,easing,neg
1700,persistently,neg
1701,exacerbations,neg
1702,prolongs,neg
1703,exaggerating,neg
1704,interrupt,neg
1705,violent,neg
1706,nullifies,neg
1707,cease,neg
1708,exculpations,neg
1709,misprice,neg
1710,nondisclosure,neg
1711,scrutinizes,neg
1712,deceiving,neg
1713,adulterated,neg
1714,embezzled,neg
1715,contesting,neg
1716,demising,neg
1717,contentiously,neg
1718,disputing,neg
1719,disrupt,neg
1720,disproportionate,neg
1721,impound,neg
1722,laundering,neg
1723,offence,neg
1724,inordinate,neg
1725,discontinue,neg
1726,demises,neg
1727,confines,neg
1728,undelivered,neg
1729,overlooks,neg
1730,collusions,neg
1731,detract,neg
1732,secrecy,neg
1733,confined,neg
1734,disadvantageous,neg
1735,demised,neg
1736,implicate,neg
1737,disappointed,neg
1738,malfunctions,neg
1739,standstill,neg
1740,disqualifying,neg
1741,wrongful,neg
1742,offenders,neg
1743,recalls,neg
1744,downward,neg
1745,misinterpreting,neg
1746,misclassification,neg
1747,bankruptcies,neg
1748,scamming,neg
1749,exposed,neg
1750,imprisonment,neg
1751,divestment,neg
1752,exposes,neg
1753,unstabilized,neg
1754,scandals,neg
1755,renounce,neg
1756,stops,neg
1757,disciplinary,neg
1758,depletion,neg
1759,critical,neg
1760,deficit,neg
1761,tainting,neg
1762,stopped,neg
1763,compulsion,neg
1764,quitting,neg
1765,severed,neg
1766,unsuccessfully,neg
1767,destroys,neg
1768,forfeitures,neg
1769,protraction,neg
1770,indefeasible,neg
1771,malfunctioning,neg
1772,problems,neg
1773,strained,neg
1774,balked,neg
1775,disparaging,neg
1776,broken,neg
1777,indefeasibly,neg
1778,punishments,neg
1779,vulnerably,neg
1780,disassociates,neg
1781,hampers,neg
1782,revocations,neg
1783,violence,neg
1784,denigrates,neg
1785,escalating,neg
1786,curtailments,neg
1787,toleration,neg
1788,denigrated,neg
1789,annoyances,neg
1790,cautions,neg
1791,protests,neg
1792,flawed,neg
1793,disrupts,neg
1794,unethically,neg
1795,abrogate,neg
1796,annoys,neg
1797,acquiesced,neg
1798,inadvertent,neg
1799,calamities,neg
1800,stoppage,neg
1801,reassigns,neg
1802,distracted,neg
1803,hazards,neg
1804,alleged,neg
1805,irreconcilably,neg
1806,acquiesces,neg
1807,lapsing,neg
1808,deteriorating,neg
1809,alleges,neg
1810,condone,neg
1811,exonerates,neg
1812,faulted,neg
1813,mischief,neg
1814,worsened,neg
1815,delayed,neg
1816,manipulative,neg
1817,pervasively,neg
1818,unreliable,neg
1819,irreversible,neg
1820,abused,neg
1821,cybercrimes,neg
1822,fraud,neg
1823,monopoly,neg
1824,default,neg
1825,spamming,neg
1826,repossessions,neg
1827,abuses,neg
1828,punitive,neg
1829,deadlock,neg
1830,gratuitous,neg
1831,usurping,neg
1832,countermeasures,neg
1833,deterrent,neg
1834,incarcerating,neg
1835,incorrect,neg
1836,onerous,neg
1837,inactivation,neg
1838,shortages,neg
1839,exculpatory,neg
1840,abolish,neg
1841,terminating,neg
1842,unneeded,neg
1843,forcing,neg
1844,disgraceful,neg
1845,deviation,neg
1846,shutdowns,neg
1847,ineligible,neg
1848,conspiracies,neg
1849,expropriation,neg
1850,contradicted,neg
1851,seriousness,neg
1852,redefaults,neg
1853,unattractive,neg
1854,misleadingly,neg
1855,unpredicted,neg
1856,maliciously,neg
1857,disagreeing,neg
1858,impracticalities,neg
1859,impossibility,neg
1860,inhibited,neg
1861,doubted,neg
1862,tense,neg
1863,burdening,neg
1864,ceases,neg
1865,redefault,neg
1866,forbidden,neg
1867,lack,neg
1868,mismanaged,neg
1869,alerting,neg
1870,testify,neg
1871,ceased,neg
1872,restated,neg
1873,violative,neg
1874,defamations,neg
1875,evicted,neg
1876,catastrophe,neg
1877,subjected,neg
1878,vitiate,neg
1879,distorting,neg
1880,infringement,neg
1881,detention,neg
1882,volatility,neg
1883,encroaching,neg
1884,bottleneck,neg
1885,falsifying,neg
1886,rejects,neg
1887,debarment,neg
1888,dampen,neg
1889,deficient,neg
1890,misinformation,neg
1891,unsuspected,neg
1892,prolonged,neg
1893,insufficiently,neg
1894,mistaking,neg
1895,conflicted,neg
1896,inadequacies,neg
1897,adulterations,neg
1898,briberies,neg
1899,penalties,neg
1900,censuring,neg
1901,prevents,neg
1902,nonperforming,neg
1903,enjoin,neg
1904,assaults,neg
1905,misrepresent,neg
1906,hamper,neg
1907,disallowing,neg
1908,forestall,neg
1909,overload,neg
1910,nullification,neg
1911,falsify,neg
1912,violently,neg
1913,turmoil,neg
1914,aversely,neg
1915,overstatement,neg
1916,retaliations,neg
1917,disapprovals,neg
1918,cancelled,neg
1919,disastrous,neg
1920,demoting,neg
1921,tragedy,neg
1922,misinterpret,neg
1923,conviction,neg
1924,disclaimers,neg
1925,frustrating,neg
1926,infringe,neg
1927,disputes,neg
1928,acquittal,neg
1929,invalidate,neg
1930,disfavoring,neg
1931,unrecoverable,neg
1932,conspiratorial,neg
1933,unapproved,neg
1934,coercion,neg
1935,aberrant,neg
1936,suspensions,neg
1937,flaws,neg
1938,injure,neg
1939,nonconformities,neg
1940,conspiring,neg
1941,dissatisfied,neg
1942,injury,neg
1943,flaw,neg
1944,erode,neg
1945,staggering,neg
1946,foregone,neg
1947,corrected,neg
1948,overbuilt,neg
1949,unstable,neg
1950,unresolved,neg
1951,dissident,neg
1952,debarred,neg
1953,adulteration,neg
1954,objections,neg
1955,suffered,neg
1956,overbuild,neg
1957,willfully,neg
1958,deadlocks,neg
1959,counterclaim,neg
1960,offender,neg
1961,recall,neg
1962,frustratingly,neg
1963,offended,neg
1964,pressing,neg
1965,depleting,neg
1966,abandon,neg
1967,persists,neg
1968,embarrassing,neg
1969,challenging,neg
1970,exploitations,neg
1971,abandonment,neg
1972,expropriating,neg
1973,boycott,neg
1974,collision,neg
1975,misclassifications,neg
1976,dishonors,neg
1977,seized,neg
1978,lacks,neg
1979,allege,neg
1980,condemn,neg
1981,overcharging,neg
1982,frivolously,neg
1983,breaking,neg
1984,hampered,neg
1985,understatements,neg
1986,monopolistic,neg
1987,reject,neg
1988,dismisses,neg
1989,embargoing,neg
1990,weaknesses,neg
1991,questioning,neg
1992,corrections,neg
1993,absences,neg
1994,pleaded,neg
1995,refuse,neg
1996,criticize,neg
1997,rationalize,neg
1998,groundless,neg
1999,repossessing,neg
2000,deterioration,neg
2001,usurped,neg
2002,retaliate,neg
2003,impermissible,neg
2004,egregiously,neg
2005,misjudging,neg
2006,nonperformance,neg
2007,setback,neg
2008,distortion,neg
2009,deterring,neg
2010,suffer,neg
2011,disagreed,neg
2012,discloses,neg
2013,misapplications,neg
2014,susceptible,neg
2015,assaulting,neg
2016,reluctance,neg
2017,late,neg
2018,absence,neg
2019,misunderstandings,neg
2020,disagrees,neg
2021,mistakenly,neg
2022,fines,neg
2023,underestimate,neg
2024,hurting,neg
2025,incompleteness,neg
2026,abandons,neg
2027,embezzles,neg
2028,embezzler,neg
2029,prejudices,neg
2030,unusable,neg
2031,imperil,neg
2032,misuse,neg
2033,prejudiced,neg
2034,complain,neg
2035,deteriorates,neg
2036,divested,neg
2037,evade,neg
2038,deteriorated,neg
2039,inordinately,neg
2040,neglects,neg
2041,dishonorable,neg
2042,harm,neg
2043,litigations,neg
2044,bankrupted,neg
2045,disclaiming,neg
2046,slowdown,neg
2047,irreconcilable,neg
2048,inactivates,neg
2049,missed,neg
2050,convicting,neg
2051,prosecution,neg
2052,discouraging,neg
2053,misses,neg
2054,inactivated,neg
2055,postponements,neg
2056,overturns,neg
2057,untruthfulness,neg
2058,misstatement,neg
2059,difficulty,neg
2060,abnormally,neg
2061,overshadowing,neg
2062,reparations,neg
2063,curtailed,neg
2064,eroding,neg
2065,overbuilding,neg
2066,omit,neg
2067,defrauds,neg
2068,prejudice,neg
2069,threat,neg
2070,corrupting,neg
2071,devolve,neg
2072,rationalizing,neg
2073,mishandles,neg
2074,purport,neg
2075,abrogates,neg
2076,discouraged,neg
2077,disregarded,neg
2078,noncompliances,neg
2079,mishandled,neg
2080,defects,neg
2081,adulterating,neg
2082,miss,neg
2083,contended,neg
2084,abrogated,neg
2085,impairing,neg
2086,unfavorable,neg
2087,divorce,neg
2088,threatening,neg
2089,conspirators,neg
2090,disqualification,neg
2091,oversupply,neg
2092,litigated,neg
2093,nullifying,neg
2094,obstructed,neg
2095,unrealistic,neg
2096,inconvenient,neg
2097,assaulted,neg
2098,critically,neg
2099,insolvencies,neg
2100,defends,neg
2101,contrary,neg
2102,duress,neg
2103,risky,neg
2104,sentenced,neg
2105,rationalizations,neg
2106,depletes,neg
2107,deterrences,neg
2108,canceling,neg
2109,overstate,neg
2110,defect,neg
2111,delisted,neg
2112,encumbering,neg
2113,depleted,neg
2114,overturning,neg
2115,cumbersome,neg
2116,vulnerable,neg
2117,lie,neg
2118,reassigning,neg
2119,evasion,neg
2120,destabilizing,neg
2121,vulnerabilities,neg
2122,interferes,neg
2123,unscheduled,neg
2124,aggravating,neg
2125,repossession,neg
2126,interfered,neg
2127,frauds,neg
2128,inconvenience,neg
2129,misstating,neg
2130,coercing,neg
2131,aggravations,neg
2132,untruth,neg
2133,termination,neg
2134,boycotting,neg
2135,aberrations,neg
2136,deviations,neg
2137,prolongation,neg
2138,seize,neg
2139,cybercriminal,neg
2140,unreasonable,neg
2141,devalue,neg
2142,divestiture,neg
2143,barred,neg
2144,retributions,neg
2145,hindrance,neg
2146,deceitfulness,neg
2147,lying,neg
2148,mothballed,neg
2149,sluggishness,neg
2150,disturbances,neg
2151,degrades,neg
2152,defended,neg
2153,unmeritorious,neg
2154,mothballing,neg
2155,degraded,neg
2156,refusals,neg
2157,aggravate,neg
2158,delinquent,neg
2159,destabilize,neg
2160,penalty,neg
2161,failed,neg
2162,unjustly,neg
2163,dysfunctional,neg
2164,inadvisable,neg
2165,unsuited,neg
2166,undeliverable,neg
2167,devastate,neg
2168,ceasing,neg
2169,abusiveness,neg
2170,distraction,neg
2171,grievances,neg
2172,rationalizes,neg
2173,divestitures,neg
2174,incapacitated,neg
2175,retaliates,neg
2176,disregarding,neg
2177,testifying,neg
2178,retaliation,neg
2179,sacrifices,neg
2180,investigate,neg
2181,overburdening,neg
2182,retaliated,neg
2183,wrongfully,neg
2184,forego,neg
2185,disparagingly,neg
2186,disapproving,neg
2187,irregularly,neg
2188,abetting,neg
2189,opportunistically,neg
2190,arrearage,neg
2191,omissions,neg
2192,threats,neg
2193,slippages,neg
2194,unmarketable,neg
2195,rejecting,neg
2196,degrading,neg
2197,disinterestedly,neg
2198,incompatibility,neg
2199,downturn,neg
2200,burned,neg
2201,corruption,neg
2202,cancelling,neg
2203,stagnation,neg
2204,misstep,neg
2205,hardship,neg
2206,embargoes,neg
2207,confiscated,neg
2208,disallow,neg
2209,mislabelled,neg
2210,incident,neg
2211,fatality,neg
2212,condoned,neg
2213,confiscates,neg
2214,embargoed,neg
2215,abruptly,neg
2216,defunct,neg
2217,carelessness,neg
2218,offending,neg
2219,unfavorability,neg
2220,markdown,neg
2221,ridiculing,neg
2222,distress,neg
2223,prosecuting,neg
2224,solvency,neg
2225,improper,neg
2226,incompatibilities,neg
2227,idled,neg
2228,shutdown,neg
2229,unsuccessful,neg
2230,repudiations,neg
2231,complication,neg
2232,overlook,neg
2233,negatively,neg
2234,imperfections,neg
2235,convicted,neg
2236,threaten,neg
2237,exculpate,neg
2238,suspicious,neg
2239,deter,neg
2240,overloading,neg
2241,recalled,neg
2242,disruptive,neg
2243,negligences,neg
2244,overrunning,neg
2245,unnecessarily,neg
2246,stolen,neg
2247,conspirator,neg
2248,postponing,neg
2249,tolerate,neg
2250,missteps,neg
2251,writeoffs,neg
2252,error,neg
2253,endanger,neg
2254,mispricings,neg
2255,misappropriations,neg
2256,seizes,neg
2257,costly,neg
2258,impracticable,neg
2259,guilty,neg
2260,overlooked,neg
2261,drawbacks,neg
2262,redacted,neg
2263,disappointing,neg
2264,destabilization,neg
2265,obstacle,neg
2266,confining,neg
2267,overestimations,neg
2268,renounced,neg
2269,expulsion,neg
2270,counterfeited,neg
2271,expropriations,neg
2272,noncomplying,neg
2273,miscalculate,neg
2274,dishonor,neg
2275,repudiated,neg
2276,discredit,neg
2277,counterfeiter,neg
2278,renounces,neg
2279,repudiates,neg
2280,conflict,neg
2281,pleadings,neg
2282,understating,neg
2283,delinquencies,neg
2284,unsatisfied,neg
2285,censure,neg
2286,impede,neg
2287,circumvented,neg
2288,idling,neg
2289,objecting,neg
2290,abnormality,neg
2291,forfeited,neg
2292,delisting,neg
2293,unannounced,neg
2294,overbuilds,neg
2295,grossly,neg
2296,weakest,neg
2297,grievance,neg
2298,jeopardize,neg
2299,exploits,neg
2300,aftermaths,neg
2301,confiscation,neg
2302,exonerating,neg
2303,questions,neg
2304,dishonesty,neg
2305,injuries,neg
2306,contradicting,neg
2307,retaliating,neg
2308,correcting,neg
2309,falsity,neg
2310,unsellable,neg
2311,deliberately,neg
2312,questioned,neg
2313,impairs,neg
2314,violations,neg
2315,complaint,neg
2316,dysfunctions,neg
2317,victims,neg
2318,complains,neg
2319,lacking,neg
2320,condemnation,neg
2321,displace,neg
2322,suffering,neg
2323,bribing,neg
2324,worsening,neg
2325,confront,neg
2326,stagnate,neg
2327,divulged,neg
2328,mismatching,neg
2329,ignore,neg
2330,aggravation,neg
2331,overestimating,neg
2332,provoking,neg
2333,confinements,neg
2334,indicting,neg
2335,stagnating,neg
2336,denigration,neg
2337,urgent,neg
2338,felonious,neg
2339,loses,neg
2340,unreimbursed,neg
2341,prosecutes,neg
2342,indictable,neg
2343,defamation,neg
2344,miscalculated,neg
2345,prosecuted,neg
2346,dismally,neg
2347,inimical,neg
2348,weaker,neg
2349,nonfunctional,neg
2350,refused,neg
2351,concealed,neg
2352,cyberattack,neg
2353,substandard,neg
2354,exaggerated,neg
2355,tortuous,neg
2356,firing,neg
2357,discontinuations,neg
2358,unintentional,neg
2359,adversity,neg
2360,delist,neg
2361,uncollected,neg
2362,reluctant,neg
2363,exaggerates,neg
2364,obstruct,neg
2365,hindrances,neg
2366,breakage,neg
2367,harassed,neg
2368,abusive,neg
2369,dissatisfaction,neg
2370,purporting,neg
2371,controversies,neg
2372,bankruptcy,neg
2373,criticisms,neg
2374,acquiesce,neg
2375,spam,neg
2376,defaming,neg
2377,misinforming,neg
2378,question,neg
2379,scammer,neg
2380,annulment,neg
2381,exonerate,neg
2382,mishandle,neg
2383,disallowed,neg
2384,confessing,neg
2385,tragedies,neg
2386,litigate,neg
2387,collapsed,neg
2388,disproportional,neg
2389,devolving,neg
2390,tragically,neg
2391,overvaluing,neg
2392,forbidding,neg
2393,collapses,neg
2394,usury,neg
2395,persisting,neg
2396,rejection,neg
2397,denigrating,neg
2398,slander,neg
2399,confusingly,neg
2400,retaliatory,neg
2401,precipitated,neg
2402,devastating,neg
2403,abruptness,neg
2404,enjoins,neg
2405,unsafe,neg
2406,deprive,neg
2407,markdowns,neg
2408,denying,neg
2409,forestalled,neg
2410,disappoints,neg
2411,unjustifiably,neg
2412,scrutinized,neg
2413,objection,neg
2414,inequities,neg
2415,malicious,neg
2416,fears,neg
2417,invalid,neg
2418,preventing,neg
2419,relinquishments,neg
2420,defrauding,neg
2421,unjustifiable,neg
2422,confine,neg
2423,deviate,neg
2424,incidences,neg
2425,wrongly,neg
2426,accidental,neg
2427,understatement,neg
2428,litigants,neg
2429,resign,neg
2430,drag,neg
2431,unsalable,neg
2432,stoppages,neg
2433,dishonoring,neg
2434,neglectful,neg
2435,deterrence,neg
2436,overlooking,neg
2437,complicating,neg
2438,repudiation,neg
2439,urgency,neg
2440,bribe,neg
2441,inaccuracy,neg
2442,failures,neg
2443,infringing,neg
2444,intentional,neg
2445,collusive,neg
2446,illegible,neg
2447,breached,neg
2448,unforseen,neg
2449,concerned,neg
2450,dissidents,neg
2451,enjoined,neg
2452,breaches,neg
2453,breach,neg
2454,carelessly,neg
2455,deprecation,neg
2456,manipulates,neg
2457,misinterpretation,neg
2458,oversupplying,neg
2459,dissents,neg
2460,manipulated,neg
2461,accuse,neg
2462,renouncement,neg
2463,defamatory,neg
2464,severely,neg
2465,uncovering,neg
2466,disclaimed,neg
2467,uncompetitive,neg
2468,verdict,neg
2469,catastrophes,neg
2470,lapse,neg
2471,disclaimer,neg
2472,pleas,neg
2473,limitations,neg
2474,sacrificial,neg
2475,overcapacities,neg
2476,renegotiate,neg
2477,picket,neg
2478,punishing,neg
2479,overshadows,neg
2480,encroachment,neg
2481,malice,neg
2482,unprofitable,neg
2483,closeouts,neg
2484,plead,neg
2485,manipulating,neg
2486,unavailable,neg
2487,discontinuance,neg
2488,exacerbate,neg
2489,inconveniences,neg
2490,aberrational,neg
2491,punishment,neg
2492,volatile,neg
2493,pleading,neg
2494,oversupplied,neg
2495,harassing,neg
2496,slowness,neg
2497,uncollectible,neg
2498,overvalued,neg
2499,sluggishly,neg
2500,confiscating,neg
2501,adulterate,neg
2502,distressed,neg
2503,contradiction,neg
2504,closeout,neg
2505,evading,neg
2506,deceased,neg
2507,defeat,neg
2508,abandonments,neg
2509,deterrents,neg
2510,danger,neg
2511,forbid,neg
2512,reassignments,neg
2513,confession,neg
2514,offends,neg
2515,distractions,neg
2516,anomalies,neg
2517,manipulate,neg
2518,writedown,neg
2519,recalling,neg
2520,illegal,neg
2521,encroachments,neg
2522,doubt,neg
2523,forestalling,neg
2524,incarcerations,neg
2525,defendant,neg
2526,confiscate,neg
2527,divests,neg
2528,mismatch,neg
2529,confused,neg
2530,insufficiency,neg
2531,opposing,neg
2532,sharply,neg
2533,annoy,neg
2534,irreparably,neg
2535,challenge,neg
2536,recession,neg
2537,recessionary,neg
2538,irreparable,neg
2539,cybercrime,neg
2540,purports,neg
2541,impedes,neg
2542,exonerations,neg
2543,unanticipated,neg
2544,inaccessible,neg
2545,impeded,neg
2546,recklessly,neg
2547,forestalls,neg
2548,overtly,neg
2549,corruptions,neg
2550,contempt,neg
2551,counterfeit,neg
2552,defective,neg
2553,destroying,neg
2554,justifiable,neg
2555,delay,neg
2556,dismissing,neg
2557,weaken,neg
2558,immoral,neg
2559,misdirected,neg
2560,counterfeits,neg
2561,incompetence,neg
2562,summonses,neg
2563,hazard,neg
2564,halted,neg
2565,perjury,neg
2566,abuse,neg
2567,restructures,neg
2568,incompetency,neg
2569,perpetrating,neg
2570,unforeseeable,neg
2571,hinders,neg
2572,mislabeling,neg
2573,interrupted,neg
2574,acquitted,neg
2575,alienation,neg
2576,irregularity,neg
2577,violator,neg
2578,understate,neg
2579,colludes,neg
2580,purported,neg
2581,doubtful,neg
2582,offences,neg
2583,contending,neg
2584,embezzle,neg
2585,uncollectibility,neg
2586,colluded,neg
2587,unsustainable,neg
2588,complicate,neg
2589,overvalue,neg
2590,dispose,neg
2591,imperfection,neg
2592,slowdowns,neg
2593,inconsistencies,neg
2594,unliquidated,neg
2595,demolitions,neg
2596,criminal,neg
2597,diverts,neg
2598,violating,neg
2599,contention,neg
2600,denigrate,neg
2601,negligent,neg
2602,disrupted,neg
2603,impaired,neg
2604,disgorgement,neg
2605,overcharges,neg
2606,corruptly,neg
2607,panic,neg
2608,preclude,neg
2609,sacrificed,neg
2610,unpredictably,neg
2611,unpredictable,neg
2612,overcharged,neg
2613,shortage,neg
2614,disregard,neg
2615,erratic,neg
2616,restatement,neg
2617,exacerbated,neg
2618,aggravates,neg
2619,annulments,neg
2620,abrogation,neg
2621,restructured,neg
2622,aggravated,neg
2623,deficiency,neg
2624,exacerbates,neg
2625,disinterestedness,neg
2626,underreporting,neg
2627,dismissal,neg
2628,relinquishing,neg
2629,criminally,neg
2630,overproduction,neg
2631,escalate,neg
2632,malfunction,neg
2633,insolvent,neg
2634,postpone,neg
2635,sacrifice,neg
2636,deceptions,neg
2637,dissented,neg
2638,dissenter,neg
2639,conflicts,neg
2640,embarrass,neg
2641,delinquency,neg
2642,nullify,neg
2643,prevention,neg
2644,hostile,neg
2645,deprived,neg
2646,illicit,neg
2647,hindering,neg
2648,confrontations,neg
2649,barriers,neg
2650,diminishes,neg
2651,deprives,neg
2652,reassessment,neg
2653,exonerated,neg
2654,boycotted,neg
2655,embarrasses,neg
2656,confuse,neg
2657,embarrassed,neg
2658,gratuitously,neg
2659,mischaracterization,neg
2660,lagging,neg
2661,foreclosures,neg
2662,forfeits,neg
2663,nonpayments,neg
2664,vetoed,neg
2665,deceptive,neg
2666,chargeoffs,neg
2667,divestments,neg
2668,forgery,neg
2669,forgers,neg
2670,precipitously,neg
2671,misinformed,neg
2672,misunderstood,neg
2673,pervasive,neg
2674,debarments,neg
2675,unoccupied,neg
2676,defacement,neg
2677,overpayments,neg
2678,depressing,neg
2679,manipulation,neg
2680,diminish,neg
2681,misappropriation,neg
2682,kickback,neg
2683,objectionable,neg
2684,abolishes,neg
2685,calamity,neg
2686,injured,neg
2687,malpractice,neg
2688,abolished,neg
2689,misunderstand,neg
2690,accusing,neg
2691,false,neg
2692,deterred,neg
2693,fail,neg
2694,alerted,neg
2695,defending,neg
2696,interruptions,neg
2697,inactions,neg
2698,demolishes,neg
2699,provokes,neg
2700,infractions,neg
2701,concerns,neg
2702,demolished,neg
2703,alienating,neg
2704,divert,neg
2705,injunctions,neg
2706,persistence,neg
2707,evicts,neg
2708,disavowal,neg
2709,disgorge,neg
2710,disappointments,neg
2711,harmful,neg
2712,offend,neg
2713,demise,neg
2714,misjudgment,neg
2715,overestimation,neg
2716,deny,neg
2717,taints,neg
2718,unconscionably,neg
2719,upset,neg
2720,artificially,neg
2721,disallowance,neg
2722,rejections,neg
2723,deface,neg
2724,improprieties,neg
2725,violation,neg
2726,misclassified,neg
2727,fear,neg
2728,litigation,neg
2729,untimely,neg
2730,redressing,neg
2731,exacerbating,neg
2732,endangers,neg
2733,nonpayment,neg
2734,misjudge,neg
2735,prolong,neg
2736,ineligibility,neg
2737,unable,neg
2738,inferior,neg
2739,prosecute,neg
2740,sued,neg
2741,disappointingly,neg
2742,plaintiff,neg
2743,sues,neg
2744,misbranded,neg
2745,fallout,neg
2746,unjustified,neg
2747,circumvents,neg
2748,misappropriate,neg
2749,unauthorized,neg
2750,deceives,neg
2751,impounding,neg
2752,evictions,neg
2753,defame,neg
2754,allegation,neg
2755,protesting,neg
2756,unfeasible,neg
2757,fatalities,neg
2758,predatory,neg
2759,liquidators,neg
2760,deceived,neg
2761,omission,neg
2762,accuses,neg
2763,catastrophic,neg
2764,subpoenaed,neg
2765,accused,neg
2766,unfairly,neg
2767,confrontational,neg
2768,exploited,neg
2769,uncollectable,neg
2770,frustrates,neg
2771,droughts,neg
2772,difficulties,neg
2773,confusion,neg
2774,harsher,neg
2775,frustrated,neg
2776,overestimates,neg
2777,setbacks,neg
2778,derogatory,neg
2779,misinterprets,neg
2780,wrongdoings,neg
2781,interfere,neg
2782,embarrassment,neg
2783,recessions,neg
2784,postponement,neg
2785,delinquently,neg
2786,disproportionately,neg
2787,impairments,neg
2788,declining,neg
2789,undetermined,neg
2790,revoked,neg
2791,deficits,neg
2792,strains,neg
2793,liquidating,neg
2794,illiquid,neg
2795,acquiescing,neg
2796,uncollectibles,neg
2797,misapplies,neg
2798,opposition,neg
2799,detrimentally,neg
2800,diminution,neg
2801,liquidations,neg
2802,indict,neg
2803,misapplied,neg
2804,coercive,neg
2805,confronts,neg
2806,overpayment,neg
2807,tortuously,neg
2808,quit,neg
2809,embezzlements,neg
2810,mismanage,neg
2811,overestimated,neg
2812,backdating,neg
2813,slowly,neg
2814,misapply,neg
2815,curtail,neg
2816,anomaly,neg
2817,abrogating,neg
2818,negligently,neg
2819,harshest,neg
2820,interrupts,neg
2821,scrutiny,neg
2822,disorderly,neg
2823,shortfall,neg
2824,underutilized,neg
2825,overturn,neg
2826,derelict,neg
2827,imbalance,neg
2828,abandoned,neg
2829,abrogations,neg
2830,inaccurately,neg
2831,hampering,neg
2832,discontinuation,neg
2833,prolongations,neg
2834,dissent,neg
2835,delaying,neg
2836,restructure,neg
2837,disapprove,neg
2838,excessively,neg
2839,tampered,neg
2840,precipitous,neg
2841,imprudently,neg
2842,exculpation,neg
2843,denial,neg
2844,liquidator,neg
2845,calamitous,neg
2846,concealing,neg
2847,adverse,neg
2848,frivolous,neg
2849,difficult,neg
2850,discourages,neg
2851,conflicting,neg
2852,balk,neg
2853,restating,neg
2854,disagree,neg
2855,monopolists,neg
2856,discredited,neg
2857,injures,neg
2858,destruction,neg
2859,renegotiates,neg
2860,disappears,neg
2861,obstacles,neg
2862,overshadowed,neg
2863,perpetrate,neg
2864,displacing,neg
2865,catastrophically,neg
2866,renegotiated,neg
2867,inconsistently,neg
2868,excessive,neg
2869,negligence,neg
2870,abdications,neg
2871,slippage,neg
2872,mistaken,neg
2873,mistakes,neg
2874,cyberbullying,neg
2875,underperforming,neg
2876,disturbance,neg
2877,untruths,neg
2878,arrest,neg
2879,unaccounted,neg
2880,counterclaims,neg
2881,disappearance,neg
2882,protesters,neg
2883,turbulence,neg
2884,displaced,neg
2885,incompletely,neg
2886,exploiting,neg
2887,disallows,neg
2888,eviction,neg
2889,displaces,neg
2890,lose,neg
2891,underestimation,neg
2892,divest,neg
2893,inexperienced,neg
2894,poor,neg
2895,liquidation,neg
2896,abusively,neg
2897,redress,neg
2898,relinquish,neg
2899,neglecting,neg
2900,disrupting,neg
2901,contested,neg
2902,objected,neg
2903,perils,neg
2904,manipulations,neg
2905,redactions,neg
2906,warned,neg
2907,hinder,neg
2908,inaccurate,neg
2909,worthless,neg
2910,curtails,neg
2911,dismissals,neg
2912,unsuitability,neg
2913,nonconformity,neg
2914,misrepresentation,neg
2915,adversary,neg
2916,retribution,neg
2917,illegalities,neg
2918,exacerbation,neg
2919,litigating,neg
2920,insufficient,neg
2921,fatally,neg
2922,overpaid,neg
2923,contractions,neg
2924,argumentative,neg
2925,unfavourable,neg
2926,downgrading,neg
2927,dispossesses,neg
2928,malfeasance,neg
2929,relinquishment,neg
2930,overproduced,neg
2931,dispossessed,neg
2932,uncontrollably,neg
2933,prejudicing,neg
2934,lagged,neg
2935,indictments,neg
2936,adversarial,neg
2937,disapproval,neg
2938,overestimate,neg
2939,frustration,neg
2940,crucially,neg
2941,divulging,neg
2942,uncontrollable,neg
2943,cyberattacks,neg
2944,hazardous,neg
2945,defames,neg
2946,nonproducing,neg
2947,contradictory,neg
2948,nonrecoverable,neg
2949,defamed,neg
2950,embargo,neg
2951,dangerous,neg
2952,distract,neg
2953,imbalances,neg
2954,problem,neg
2955,inadequate,neg
2956,mislabeled,neg
2957,slowing,neg
2958,erring,neg
2959,unsavory,neg
2960,recklessness,neg
2961,misstated,neg
2962,conspired,neg
2963,revocation,neg
2964,countermeasure,neg
2965,claiming,neg
2966,fraudulent,neg
2967,detain,neg
2968,unrecovered,neg
2969,conspires,neg
2970,misstates,neg
2971,disproportion,neg
2972,suspiciously,neg
2973,underpayments,neg
2974,underpayment,neg
2975,reckless,neg
2976,illegally,neg
2977,traumatic,neg
2978,contends,neg
2979,frustrate,neg
2980,acquits,neg
2981,alienated,neg
2982,unreasonably,neg
2983,undercutting,neg
2984,persistent,neg
2985,monopolizes,neg
2986,alienates,neg
2987,accidents,neg
2988,unreasonableness,neg
2989,confess,neg
