word,type
operations,leading
new service,leading
stores,leading
deal,leading
passenger,leading
partnership,leading
new customer,leading
product,leading
production,leading
cds,leading
joint venture,leading
partner,leading
operation,leading
investment,leading
new factory,leading
new store,leading
properties,leading
capacity,leading
person,leading
efficient,pos
personnel,leading
workers,leading
people,leading
factory,leading
occupancy,leading
number of outlets,leading
equipment,leading
efficiencies,pos
employee,leading
workforce,leading
staff,leading
load factor,leading
new deal,leading
customer satisfaction,leading
customers,leading
jobs,leading
offering,leading
offer,leading
contracts,leading
worker,leading
price,leading
material,leading
new plant,leading
agreement,leading
outlets,leading
plant,leading
efficiency,pos
job,leading
traffic,leading
demand,leading
prices,leading
occupancy rate,leading
tariff,leading
new subscriber,leading
customer,leading
passengers,leading
patent,leading
persons,leading
employees,leading
utilization,leading
contract,leading
productivity,leading
new product,leading
store,leading
venture,leading
output,leading
headcount,leading
investments,leading
patents,leading
raw material,leading
gdp,lagging
roi,lagging
ordered,lagging
revenue,lagging
orders,lagging
money,lagging
profit before tax,lagging
eps,lagging
export,lagging
net sale,lagging
margins,lagging
inventories,lagging
ebitda,lagging
net sales,lagging
pat,lagging
profit,lagging
sale,lagging
return on investment,lagging
profitability,pos
inventory turns,lagging
return equity,lagging
inventory,lagging
interest,lagging
income,lagging
performance,lagging
operating result,lagging
market share,lagging
inventory turn,lagging
exports,lagging
earnings,lagging
equity,lagging
sales,lagging
volume,lagging
sales volume,lagging
earning,lagging
sales numbers,lagging
dividend,lagging
ebit,lagging
operating profit,lagging
pbt,lagging
cash flow,lagging
revenues,lagging
return on capital,lagging
order size,lagging
cash,lagging
return capital,lagging
profit after tax,lagging
profits,lagging
turnover,lagging
return investment,lagging
return on equity,lagging
margin,lagging
order,lagging
order frequency,lagging
earnings per share,lagging
win-win,up
rocketed,up
rocket,up
less,down
reductions,down
saves,up
terminate,neg
surpass,pos
cuts,down
widen,up
saved,up
boosts,up
cut,neg
violate,neg
rose,up
decreases,down
slips,down
decreased,down
swinged,up
save,up
narrows,down
increased,up
triple,up
beat,up
lay-offs,down
downs,down
rise,up
upgrade,up
increases,up
burden,neg
fall,down
quadrupled,up
loss,neg
shutted,down
lost,neg
outperform,pos
reduces,down
drop,down
laying,down
doubled,up
shrink,down
slide,down
rockets,up
hike,up
doubles,up
soar,up
reduced,down
raises,up
strengthened,pos
exceed,up
plummet,down
burdens,neg
declines,neg
violated,neg
signs,up
reduce,down
sign,up
jump,up
widened,up
slowed,neg
burdened,neg
slumps,down
strengthenes,up
exceeded,up
violates,neg
declined,neg
risen,up
bullish,up
jumped,up
bearish,down
ups,up
increase,up
speeded,up
laid,down
won,up
slash,down
liquidate,neg
falling,down
boost,pos
jumps,up
speed,up
multiplied,up
shut,neg
triples,up
recruits,up
fluctuates,down
terminated,neg
climbs,up
downgrades,neg
weak,neg
fluctuated,down
slow,neg
awards,up
negatives,neg
multiplies,up
downgrade,neg
rises,up
downgraded,neg
improve,pos
gained,pos
lay-off,down
plunges,down
improved,pos
tripled,up
climbed,up
diminished,neg
surge,up
improves,pos
plummets,down
exceeds,up
climb,up
narrow,down
warning,neg
speeds,up
struggle,neg
upgraded,up
raised,up
saving,up
slipped,down
redundants,down
lifted,up
height,up
down,down
losing,neg
decrease,down
quadruple,up
losses,neg
narrowed,down
awarded,up
decline,neg
swings,up
raise,up
pos,pos
neg,neg
liquidated,neg
heights,up
reduction,down
low,down
terminates,neg
recommend,up
liquidates,neg
recruited,up
more,up
lowest,down
plunge,down
widens,up
surges,up
slump,down
award,up
shrunk,down
slides,down
lift,up
gain,pos
surged,up
upgrades,up
grew,up
double,up
expanded,up
plunged,down
recruit,up
signed,up
below,down
growth,up
drops,down
slashes,down
slid,down
layoff,neg
shrinks,down
up,up
strengthen,pos
high,up
outperforms,pos
beats,up
recommends,up
dropped,neg
slip,down
gains,pos
grown,up
shuts,neg
weakened,neg
struggles,neg
dismissed,neg
surpassed,pos
recommended,up
lifts,up
surpasses,pos
struggled,down
layoffs,neg
grows,up
higher,up
slows,down
warnings,neg
boosted,pos
swing,up
outperformed,pos
falls,down
fell,down
shrank,down
eaten,down
multiply,up
positives,up
fluctuate,down
grow,up
expand,up
lower,down
halved,down
hiked,up
redundant,down
hikes,up
savings,up
weaks,down
expands,up
lows,down
desirable,pos
invent,pos
enjoyable,pos
abundant,pos
integrity,pos
outperforming,pos
honoring,pos
opportunities,pos
stable,pos
stabilizing,pos
enjoying,pos
friendly,pos
collaborate,pos
advantage,pos
enjoyably,pos
exclusives,pos
impressive,pos
solves,pos
excellence,pos
enhance,pos
enjoy,pos
tremendously,pos
regained,pos
complimented,pos
enhancement,pos
honors,pos
advantageous,pos
revolutionize,pos
pleased,pos
succeeds,pos
satisfy,pos
advantageously,pos
empower,pos
desired,pos
strong,pos
great,pos
accomplishes,pos
brilliant,pos
exceptionally,pos
accomplished,pos
innovativeness,pos
lucrative,pos
honor,pos
fantastic,pos
stabilization,pos
win,pos
collaborating,pos
distinctiveness,pos
assuring,pos
achieving,pos
successful,pos
benefiting,pos
impress,pos
excellent,pos
abundance,pos
rebounding,pos
stabilized,pos
accomplishment,pos
benefitting,pos
stabilizes,pos
transparency,pos
beautiful,pos
ingenuity,pos
attain,pos
bolstered,pos
advancing,pos
winners,pos
revolutionizing,pos
spectacularly,pos
destined,pos
improving,pos
efficiently,pos
succeeded,pos
pleasure,pos
dream,pos
exclusive,pos
satisfied,pos
stability,pos
innovative,pos
satisfies,pos
perfect,pos
superior,pos
solving,pos
winning,pos
better,pos
easier,pos
good,pos
greater,pos
attains,pos
easily,pos
stabilize,pos
delightful,pos
prospers,pos
bolstering,pos
exclusiveness,pos
breakthrough,pos
adequately,pos
unsurpassed,pos
accomplish,pos
collaborates,pos
collaborated,pos
honorable,pos
achievements,pos
advantaged,pos
assured,pos
favored,pos
pleasant,pos
assures,pos
advantages,pos
delightfully,pos
delight,pos
favoring,pos
regaining,pos
attainments,pos
benefited,pos
encouraging,pos
improvements,pos
leading,pos
plentiful,pos
perfectly,pos
insightful,pos
rewards,pos
enhancing,pos
happily,pos
favorably,pos
innovate,pos
favorable,pos
inventing,pos
versatility,pos
positively,pos
inventor,pos
compliments,pos
collaborations,pos
enabled,pos
inventiveness,pos
innovated,pos
proactive,pos
premier,pos
prestigious,pos
prosperity,pos
strength,pos
empowered,pos
able,pos
ideal,pos
satisfactory,pos
creatively,pos
innovator,pos
conducive,pos
attractiveness,pos
collaboration,pos
excelling,pos
excels,pos
vibrancy,pos
prestige,pos
achievement,pos
enthusiastic,pos
popularity,pos
stronger,pos
charitable,pos
creativeness,pos
impressively,pos
exclusivity,pos
enjoyed,pos
winner,pos
inventions,pos
attained,pos
enthusiasm,pos
achieve,pos
exceptional,pos
revolutionized,pos
despite,pos
happiest,pos
revolutionizes,pos
resolve,pos
complimenting,pos
courteous,pos
enhances,pos
inventive,pos
achieved,pos
encourages,pos
achieves,pos
enhanced,pos
rewarded,pos
best,pos
encouraged,pos
satisfying,pos
distinctive,pos
succeeding,pos
progress,pos
enjoys,pos
compliment,pos
smooths,pos
succeed,pos
proficiently,pos
empowering,pos
collaborators,pos
diligent,pos
attainment,pos
successes,pos
distinctively,pos
enabling,pos
assure,pos
upturns,pos
distinction,pos
innovating,pos
exemplary,pos
innovations,pos
satisfaction,pos
constructively,pos
accomplishing,pos
invented,pos
enhancements,pos
tremendous,pos
rebounded,pos
creativity,pos
confident,pos
dependable,pos
collaborator,pos
delights,pos
enable,pos
prosperous,pos
meritorious,pos
advancements,pos
influential,pos
preeminent,pos
encouragement,pos
optimistic,pos
beautifully,pos
alliances,pos
progressing,pos
enjoyment,pos
premiere,pos
proficiency,pos
prospered,pos
favorites,pos
impressing,pos
opportunity,pos
pleasantly,pos
upturn,pos
greatest,pos
inspirational,pos
prospering,pos
reward,pos
valuable,pos
happiness,pos
profitable,pos
advancement,pos
exclusively,pos
improvement,pos
attractive,pos
easy,pos
profitably,pos
excited,pos
dependability,pos
spectacular,pos
advances,pos
rebound,pos
progressed,pos
perfects,pos
enthusiastically,pos
progresses,pos
strengths,pos
success,pos
vibrant,pos
informative,pos
benefit,pos
popular,pos
beneficial,pos
honored,pos
smoothly,pos
successfully,pos
strongest,pos
perfected,pos
booming,pos
conclusive,pos
beneficially,pos
breakthroughs,pos
proficient,pos
unmatched,pos
creative,pos
rewarding,pos
innovation,pos
regain,pos
benefitted,pos
constructive,pos
leadership,pos
worthy,pos
exciting,pos
favorite,pos
greatly,pos
complimentary,pos
alliance,pos
delighted,pos
accomplishments,pos
impressed,pos
stabilizations,pos
innovates,pos
distinctions,pos
smoothing,pos
impresses,pos
greatness,pos
innovators,pos
happy,pos
conclusively,pos
bolsters,pos
delighting,pos
satisfactorily,pos
highest,pos
versatile,pos
proactively,pos
receptive,pos
smooth,pos
excitement,pos
strengthens,pos
diligently,pos
strengthening,pos
surpassing,pos
acclaimed,pos
incredible,pos
unparalleled,pos
boom,pos
incredibly,pos
gaining,pos
collaborative,pos
empowers,pos
inspiration,pos
preeminence,pos
loyal,pos
attaining,pos
restates,neg
interference,neg
dissolution,neg
obstruction,neg
protest,neg
controversial,neg
shrinkages,neg
defraud,neg
poorly,neg
demotes,neg
revoking,neg
obstructions,neg
crises,neg
nullifications,neg
bailout,neg
demoted,neg
immature,neg
distorts,neg
unsold,neg
misunderstanding,neg
distort,neg
redact,neg
malfunctioned,neg
disturb,neg
exaggerate,neg
persisted,neg
abolishing,neg
monopolized,neg
foregoes,neg
uncovers,neg
picketed,neg
diverting,neg
warns,neg
infringes,neg
complicates,neg
resignations,neg
errors,neg
restatements,neg
deliberate,neg
worsen,neg
overages,neg
uneconomically,neg
improperly,neg
misjudged,neg
deteriorations,neg
interrupting,neg
usurps,neg
moratoriums,neg
misjudges,neg
contentions,neg
aftermath,neg
noncompliant,neg
contraction,neg
stresses,neg
inefficiently,neg
unwillingness,neg
ridicule,neg
postpones,neg
controversy,neg
harass,neg
pled,neg
stressed,neg
unwanted,neg
postponed,neg
cancellation,neg
criticism,neg
ridiculed,neg
inequitable,neg
summons,neg
inequitably,neg
ridicules,neg
counterfeiters,neg
circumvent,neg
devastation,neg
criminals,neg
unfunded,neg
overshadow,neg
discrepancies,neg
nonperformances,neg
distortions,neg
abusing,neg
dispossessing,neg
redefaulted,neg
expose,neg
hurt,neg
warn,neg
disruption,neg
tolerates,neg
outdated,neg
slowest,neg
overrun,neg
worst,neg
divorced,neg
cancellations,neg
deficiencies,neg
exploitative,neg
pervasiveness,neg
criticizing,neg
anticompetitive,neg
collapsing,neg
culpability,neg
stagnated,neg
deadweight,neg
unjust,neg
stressing,neg
disparagement,neg
impair,neg
nonrenewal,neg
stagnates,neg
caution,neg
untruthful,neg
riskiest,neg
worse,neg
collude,neg
complaining,neg
damage,neg
cutback,neg
implicating,neg
faults,neg
unexcused,neg
sever,neg
accusations,neg
disappoint,neg
faulty,neg
resignation,neg
undesirable,neg
arrearages,neg
insecure,neg
harmfully,neg
wrong,neg
sentencing,neg
suing,neg
misleads,neg
severity,neg
inactivity,neg
undesired,neg
alienate,neg
neglect,neg
defaced,neg
fictitious,neg
uninsured,neg
fraudulently,neg
perpetrates,neg
unremedied,neg
misdemeanor,neg
inconclusive,neg
undetected,neg
tolerating,neg
overcomes,neg
weakens,neg
misconduct,neg
unrest,neg
understates,neg
defrauded,neg
unforeseen,neg
underinsured,neg
destroyed,neg
degradations,neg
understated,neg
persist,neg
disgorgements,neg
dissolutions,neg
bankrupts,neg
overcome,neg
reassessments,neg
undercut,neg
unfortunate,neg
bans,neg
underperform,neg
weakness,neg
unemployed,neg
repudiating,neg
misstate,neg
intimidation,neg
break,neg
inactivations,neg
enjoining,neg
divesting,neg
disreputable,neg
straining,neg
demotion,neg
confronting,neg
arrested,neg
lockout,neg
interfering,neg
noncompliance,neg
confiscations,neg
unwelcome,neg
interruption,neg
crimes,neg
displacement,neg
deadlocked,neg
contend,neg
depress,neg
disloyalty,neg
redressed,neg
downtimes,neg
crucial,neg
tolerated,neg
redresses,neg
standstills,neg
arrests,neg
sluggish,neg
disagreements,neg
misrepresentations,neg
disputed,neg
barrier,neg
abdicated,neg
threatened,neg
fugitive,neg
redacting,neg
renouncing,neg
curtailment,neg
corrects,neg
inadequately,neg
obstructing,neg
abdicates,neg
exposing,neg
condemnations,neg
conceding,neg
disturbed,neg
oppose,neg
ineffectively,neg
mislabel,neg
breakages,neg
miscalculation,neg
implicates,neg
deplete,neg
disappearing,neg
underproduced,neg
implicated,neg
dysfunction,neg
misusing,neg
defaulting,neg
protracted,neg
disgorged,neg
disqualifications,neg
overstating,neg
disgorges,neg
damaging,neg
reparation,neg
collapse,neg
rejected,neg
downsize,neg
defaulted,neg
wasted,neg
abandoning,neg
peril,neg
conciliations,neg
delists,neg
illiquidity,neg
scrutinize,neg
idle,neg
rationalization,neg
prone,neg
unintended,neg
alleging,neg
encumbered,neg
nonattainment,neg
nonconforming,neg
repossesses,neg
infringed,neg
forced,neg
demotions,neg
unobtainable,neg
divulge,neg
misclassify,neg
imprudent,neg
concedes,neg
detained,neg
distracts,neg
diminishing,neg
sue,neg
conceded,neg
drought,neg
inconsistency,neg
miscalculates,neg
antitrust,neg
circumvention,neg
incompatible,neg
fugitives,neg
inaccuracies,neg
disruptions,neg
detriment,neg
unperformed,neg
annoyed,neg
incomplete,neg
mishandling,neg
writeoff,neg
undue,neg
disturbs,neg
bail,neg
acquit,neg
delays,neg
wasteful,neg
nullified,neg
criticizes,neg
hostility,neg
degradation,neg
criticized,neg
shutting,neg
slanderous,neg
downtime,neg
impractical,neg
suffers,neg
exculpates,neg
distracting,neg
egregious,neg
collusion,neg
irregularities,neg
bad,neg
exculpated,neg
precluding,neg
erroneous,neg
disaster,neg
litigates,neg
alienations,neg
unexpectedly,neg
corrupt,neg
disturbing,neg
resigned,neg
scrutinizing,neg
inappropriate,neg
mismanaging,neg
reassigned,neg
deceptively,neg
tainted,neg
solvencies,neg
objectionably,neg
unconscionable,neg
failings,neg
disavowed,neg
misinforms,neg
felony,neg
annulling,neg
detracting,neg
outages,neg
accident,neg
violators,neg
sacrificing,neg
irregular,neg
fault,neg
ill,neg
penalizing,neg
against,neg
monopolize,neg
argue,neg
confronted,neg
overstatements,neg
obscenity,neg
foreclosing,neg
miscommunication,neg
inactivate,neg
litigant,neg
penalize,neg
petty,neg
downsizings,neg
condemned,neg
disgracefully,neg
impeding,neg
detrimental,neg
renegotiation,neg
unknowingly,neg
incompetent,neg
counterclaiming,neg
inattention,neg
dismiss,neg
jeopardized,neg
confinement,neg
doubts,neg
evasions,neg
harshness,neg
unpopular,neg
harms,neg
redaction,neg
unavailability,neg
moratorium,neg
abrupt,neg
stopping,neg
mistake,neg
exoneration,neg
vulnerability,neg
evicting,neg
discredits,neg
defeated,neg
disfavored,neg
invalidates,neg
noncompetitive,neg
impasses,neg
ignoring,neg
disappear,neg
overstated,neg
damaged,neg
adversaries,neg
circumventing,neg
disclaims,neg
disparages,neg
drawback,neg
damages,neg
overstates,neg
incorrectly,neg
disparaged,neg
indictment,neg
convictions,neg
harming,neg
acquitting,neg
devalues,neg
inadvertently,neg
closings,neg
devalued,neg
miscalculating,neg
censures,neg
weakly,neg
intrusion,neg
embarrassments,neg
failing,neg
investigation,neg
taint,neg
detracted,neg
unsuitable,neg
impediment,neg
subpoena,neg
incapable,neg
censured,neg
claims,neg
misrepresents,neg
inadvisability,neg
stringent,neg
perpetration,neg
unemployment,neg
scam,neg
unfair,neg
disallowances,neg
breaching,neg
resigning,neg
impending,neg
forfeiture,neg
dissenters,neg
underproduction,neg
deters,neg
insubordination,neg
disparity,neg
inefficiencies,neg
delinquents,neg
erratically,neg
insensitive,neg
involuntary,neg
incorrectness,neg
breaks,neg
disagreement,neg
provoked,neg
injuring,neg
poses,neg
unfounded,neg
disadvantage,neg
eroded,neg
vitiating,neg
repossessed,neg
contradict,neg
dishonest,neg
unnecessary,neg
lapsed,neg
intermittently,neg
misled,neg
underestimating,neg
erodes,neg
lapses,neg
misdemeanors,neg
conciliation,neg
frustrations,neg
coerce,neg
encumbrances,neg
harassment,neg
confusing,neg
denies,neg
unsuspecting,neg
unavoidable,neg
deleterious,neg
adversities,neg
summoned,neg
denied,neg
convict,neg
precluded,neg
defend,neg
discontinues,neg
underperformed,neg
disappeared,neg
encumbers,neg
disappearances,neg
confrontation,neg
defensive,neg
limitation,neg
boycotts,neg
anomalous,neg
disqualifies,neg
undocumented,neg
misleading,neg
restate,neg
lacked,neg
voiding,neg
indecency,neg
disgorging,neg
overloads,neg
infraction,neg
obscene,neg
uncontrolled,neg
undermining,neg
problematical,neg
errs,neg
attrition,neg
defendants,neg
nuisance,neg
annoyance,neg
deception,neg
deliberated,neg
undercapitalized,neg
lags,neg
repudiate,neg
racketeer,neg
wrongdoing,neg
questionable,neg
moratoria,neg
underestimated,neg
insurrection,neg
reassign,neg
bottlenecks,neg
discourage,neg
underperformance,neg
failure,neg
underestimates,neg
overburden,neg
questionably,neg
underfunded,neg
misinform,neg
mislabels,neg
prosecutions,neg
encumber,neg
complications,neg
prematurely,neg
plaintiffs,neg
cutbacks,neg
untrusted,neg
disgrace,neg
impropriety,neg
scandalous,neg
disfavors,neg
disclosing,neg
opportunistic,neg
difficultly,neg
adversely,neg
annoying,neg
injurious,neg
interferences,neg
protested,neg
detriments,neg
disloyal,neg
falsely,neg
stagnant,neg
protester,neg
evasive,neg
unwilling,neg
erosion,neg
misinterpreted,neg
disastrously,neg
writedowns,neg
protestor,neg
insolvency,neg
impounded,neg
outage,neg
insurrections,neg
expropriate,neg
uncovered,neg
cautioning,neg
serious,neg
overturned,neg
renegotiating,neg
overdue,neg
disaffiliation,neg
incarcerate,neg
irrecoverably,neg
revoke,neg
omits,neg
disfavor,neg
disrepute,neg
slandered,neg
mismanages,neg
unmerchantable,neg
irrecoverable,neg
bribes,neg
deceitful,neg
prejudicial,neg
shrinkage,neg
disapproves,neg
suspending,neg
prolonging,neg
bribed,neg
weakening,neg
disapproved,neg
outmoded,neg
misstatements,neg
protestors,neg
untruthfully,neg
unavoidably,neg
untenable,neg
trouble,neg
evaded,neg
accidentally,neg
evades,neg
defaults,neg
encroach,neg
disqualify,neg
unaware,neg
arrears,neg
unexpected,neg
slower,neg
extenuating,neg
hindered,neg
injunction,neg
obsolete,neg
refusing,neg
disassociating,neg
endangering,neg
stressful,neg
rationalized,neg
suspect,neg
dishonored,neg
underpays,neg
dishonestly,neg
unintentionally,neg
unsure,neg
clawback,neg
involuntarily,neg
disclaim,neg
unknowing,neg
impounds,neg
deceit,neg
severities,neg
unlawful,neg
demolishing,neg
coerced,neg
disavow,neg
vitiates,neg
exploitation,neg
coerces,neg
burdensome,neg
ineffective,neg
absenteeism,neg
vitiated,neg
ineffectiveness,neg
penalizes,neg
divulges,neg
curtailing,neg
defer,neg
problematic,neg
refuses,neg
bribery,neg
contradictions,neg
penalized,neg
discrediting,neg
crisis,neg
overruns,neg
opposes,neg
resigns,neg
shortfalls,neg
opposed,neg
obsolescence,neg
unwarranted,neg
conciliating,neg
annuls,neg
neglected,neg
conspire,neg
dismal,neg
degrade,neg
voided,neg
incompetents,neg
demolish,neg
oversupplies,neg
defeats,neg
overproduces,neg
overloaded,neg
strain,neg
impasse,neg
incidents,neg
dispossess,neg
disparagements,neg
miscalculations,neg
deadweights,neg
impracticality,neg
corrupted,neg
acquittals,neg
contradicts,neg
inexperience,neg
posing,neg
overproducing,neg
confuses,neg
provoke,neg
bankrupt,neg
harmed,neg
mismanagement,neg
infringements,neg
monopolization,neg
detentions,neg
displacements,neg
deteriorate,neg
deviated,neg
dampened,neg
misrepresented,neg
misjudgments,neg
depriving,neg
deviates,neg
underperforms,neg
drastic,neg
destructive,neg
disqualified,neg
disagreeable,neg
stress,neg
fraudulence,neg
summoning,neg
downsizes,neg
deceive,neg
downsized,neg
misplaced,neg
worsens,neg
unfavorably,neg
deadlocking,neg
foreclosure,neg
misapplication,neg
forfeit,neg
seizing,neg
unacceptable,neg
embezzlement,neg
unacceptably,neg
incapacity,neg
disparities,neg
relinquishes,neg
omitting,neg
argued,neg
encumbrance,neg
restructurings,neg
lackluster,neg
terminations,neg
undermined,neg
troubles,neg
corruptness,neg
inflicted,neg
wasting,neg
suspicion,neg
disassociations,neg
suspension,neg
troubled,neg
undermines,neg
inefficiency,neg
downsizing,neg
spammers,neg
mismatches,neg
embezzling,neg
unplanned,neg
halt,neg
devastated,neg
undisclosed,neg
depletions,neg
mismatched,neg
relinquished,neg
unpredictability,neg
susceptibility,neg
lockouts,neg
endangerment,neg
careless,neg
suspends,neg
instability,neg
subjection,neg
unproductive,neg
fired,neg
challenged,neg
abnormal,neg
challenges,neg
dissenting,neg
disasters,neg
abdication,neg
devaluing,neg
unsaleable,neg
inadequacy,neg
cancels,neg
collisions,neg
seriously,neg
condemns,neg
imperative,neg
discontinuances,neg
unfitness,neg
inaction,neg
lag,neg
invalidation,neg
falsifications,neg
unfriendly,neg
felonies,neg
complicated,neg
plea,neg
tightening,neg
vitiation,neg
riskier,neg
inevitable,neg
forbids,neg
unsound,neg
deprivation,neg
misuses,neg
unpaid,neg
invalidity,neg
misused,neg
discontinued,neg
suspend,neg
omitted,neg
indecent,neg
misdated,neg
suspended,neg
impossible,neg
demote,neg
misappropriating,neg
incompetently,neg
disinterested,neg
forfeiting,neg
monopolizing,neg
uncorrected,neg
unduly,neg
tragic,neg
foreclose,neg
lingering,neg
unprofitability,neg
inefficient,neg
allegedly,neg
subpoenas,neg
overcapacity,neg
expulsions,neg
disassociation,neg
illegality,neg
unfortunately,neg
depressed,neg
disavowing,neg
reassignment,neg
depresses,neg
unsubstantiated,neg
contentious,neg
correction,neg
confessed,neg
nuisances,neg
argument,neg
invalidated,neg
picketing,neg
conspiracy,neg
distorted,neg
abnormalities,neg
confesses,neg
mislead,neg
overburdened,neg
downwards,neg
overcoming,neg
shocked,neg
endangered,neg
unlawfully,neg
unsuitably,neg
destroy,neg
impairment,neg
investigations,neg
arguing,neg
incidence,neg
indicted,neg
assault,neg
complaints,neg
knowingly,neg
precludes,neg
hardships,neg
annul,neg
defeating,neg
unfulfilled,neg
disavows,neg
erred,neg
perpetrated,neg
drastically,neg
inequity,neg
usurp,neg
allegations,neg
exculpating,neg
inconsistent,neg
misrepresenting,neg
downturns,neg
crime,neg
overage,neg
cautioned,neg
counterclaimed,neg
dispute,neg
bankrupting,neg
mistrial,neg
exaggeration,neg
condemning,neg
denials,neg
unethical,neg
cautionary,neg
closure,neg
verdicts,neg
encroached,neg
suspects,neg
sabotage,neg
encroaches,neg
kickbacks,neg
worries,neg
uncover,neg
disparage,neg
unlicensed,neg
worrying,neg
ignored,neg
culpably,neg
incarcerated,neg
uneconomical,neg
closures,neg
unfit,neg
ignores,neg
culpable,neg
invalidating,neg
underpaid,neg
incarcerates,neg
misappropriated,neg
fails,neg
misinterpretations,neg
misappropriates,neg
renouncements,neg
underutilization,neg
inappropriately,neg
aberration,neg
racketeering,neg
circumventions,neg
overcharge,neg
harshly,neg
uncompleted,neg
undermine,neg
cybercriminals,neg
uneconomic,neg
disappointment,neg
fined,neg
disloyally,neg
evict,neg
impediments,neg
destabilized,neg
usurious,neg
deviating,neg
accusation,neg
exploit,neg
dereliction,neg
assertions,neg
cancel,neg
misapplying,neg
counterfeiting,neg
panics,neg
punishes,neg
undercuts,neg
escalated,neg
concede,neg
punished,neg
dangers,neg
escalates,neg
anomalously,neg
nonproductive,neg
forecloses,neg
discontinuing,neg
subjecting,neg
foreclosed,neg
suspicions,neg
suspected,neg
colluding,neg
abdicating,neg
falsifies,neg
premature,neg
expropriated,neg
unreported,neg
expropriates,neg
investigating,neg
falsified,neg
unsatisfactory,neg
discrepancy,neg
canceled,neg
pleads,neg
purportedly,neg
dangerously,neg
demolition,neg
worry,neg
unreceptive,neg
erroneously,neg
harsh,neg
mispricing,neg
threatens,neg
revokes,neg
pretrial,neg
inquiry,neg
arguments,neg
vandalism,neg
struggling,neg
breakdown,neg
investigated,neg
disadvantages,neg
devolves,neg
refusal,neg
incarceration,neg
disincentives,neg
disadvantaged,neg
annulled,neg
diversion,neg
investigates,neg
unqualified,neg
illicitly,neg
mistrials,neg
dishonorably,neg
devolved,neg
complained,neg
breakdowns,neg
inactivating,neg
slanders,neg
intermittent,neg
falsification,neg
disregards,neg
oppositions,neg
severe,neg
renegotiations,neg
inability,neg
easing,neg
persistently,neg
exacerbations,neg
prolongs,neg
exaggerating,neg
interrupt,neg
violent,neg
nullifies,neg
cease,neg
exculpations,neg
misprice,neg
nondisclosure,neg
scrutinizes,neg
deceiving,neg
adulterated,neg
embezzled,neg
contesting,neg
demising,neg
contentiously,neg
disputing,neg
disrupt,neg
disproportionate,neg
impound,neg
laundering,neg
offence,neg
inordinate,neg
discontinue,neg
demises,neg
confines,neg
undelivered,neg
overlooks,neg
collusions,neg
detract,neg
secrecy,neg
confined,neg
disadvantageous,neg
demised,neg
implicate,neg
disappointed,neg
malfunctions,neg
standstill,neg
disqualifying,neg
wrongful,neg
offenders,neg
recalls,neg
downward,neg
misinterpreting,neg
misclassification,neg
bankruptcies,neg
scamming,neg
exposed,neg
imprisonment,neg
divestment,neg
exposes,neg
unstabilized,neg
scandals,neg
renounce,neg
stops,neg
disciplinary,neg
depletion,neg
critical,neg
deficit,neg
tainting,neg
stopped,neg
compulsion,neg
quitting,neg
severed,neg
unsuccessfully,neg
destroys,neg
forfeitures,neg
protraction,neg
indefeasible,neg
malfunctioning,neg
problems,neg
strained,neg
balked,neg
disparaging,neg
broken,neg
indefeasibly,neg
punishments,neg
vulnerably,neg
disassociates,neg
hampers,neg
revocations,neg
violence,neg
denigrates,neg
escalating,neg
curtailments,neg
toleration,neg
denigrated,neg
annoyances,neg
cautions,neg
protests,neg
flawed,neg
disrupts,neg
unethically,neg
abrogate,neg
annoys,neg
acquiesced,neg
inadvertent,neg
calamities,neg
stoppage,neg
reassigns,neg
distracted,neg
hazards,neg
alleged,neg
irreconcilably,neg
acquiesces,neg
lapsing,neg
deteriorating,neg
alleges,neg
condone,neg
exonerates,neg
faulted,neg
mischief,neg
worsened,neg
delayed,neg
manipulative,neg
pervasively,neg
unreliable,neg
irreversible,neg
abused,neg
cybercrimes,neg
fraud,neg
monopoly,neg
default,neg
spamming,neg
repossessions,neg
abuses,neg
punitive,neg
deadlock,neg
gratuitous,neg
usurping,neg
countermeasures,neg
deterrent,neg
incarcerating,neg
incorrect,neg
onerous,neg
inactivation,neg
shortages,neg
exculpatory,neg
abolish,neg
terminating,neg
unneeded,neg
forcing,neg
disgraceful,neg
deviation,neg
shutdowns,neg
ineligible,neg
conspiracies,neg
expropriation,neg
contradicted,neg
seriousness,neg
redefaults,neg
unattractive,neg
misleadingly,neg
unpredicted,neg
maliciously,neg
disagreeing,neg
impracticalities,neg
impossibility,neg
inhibited,neg
doubted,neg
tense,neg
burdening,neg
ceases,neg
redefault,neg
forbidden,neg
lack,neg
mismanaged,neg
alerting,neg
testify,neg
ceased,neg
restated,neg
violative,neg
defamations,neg
evicted,neg
catastrophe,neg
subjected,neg
vitiate,neg
distorting,neg
infringement,neg
detention,neg
volatility,neg
encroaching,neg
bottleneck,neg
falsifying,neg
rejects,neg
debarment,neg
dampen,neg
deficient,neg
misinformation,neg
unsuspected,neg
prolonged,neg
insufficiently,neg
mistaking,neg
conflicted,neg
inadequacies,neg
adulterations,neg
briberies,neg
penalties,neg
censuring,neg
prevents,neg
nonperforming,neg
enjoin,neg
assaults,neg
misrepresent,neg
hamper,neg
disallowing,neg
forestall,neg
overload,neg
nullification,neg
falsify,neg
violently,neg
turmoil,neg
aversely,neg
overstatement,neg
retaliations,neg
disapprovals,neg
cancelled,neg
disastrous,neg
demoting,neg
tragedy,neg
misinterpret,neg
conviction,neg
disclaimers,neg
frustrating,neg
infringe,neg
disputes,neg
acquittal,neg
invalidate,neg
disfavoring,neg
unrecoverable,neg
conspiratorial,neg
unapproved,neg
coercion,neg
aberrant,neg
suspensions,neg
flaws,neg
injure,neg
nonconformities,neg
conspiring,neg
dissatisfied,neg
injury,neg
flaw,neg
erode,neg
staggering,neg
foregone,neg
corrected,neg
overbuilt,neg
unstable,neg
unresolved,neg
dissident,neg
debarred,neg
adulteration,neg
objections,neg
suffered,neg
overbuild,neg
willfully,neg
deadlocks,neg
counterclaim,neg
offender,neg
recall,neg
frustratingly,neg
offended,neg
pressing,neg
depleting,neg
abandon,neg
persists,neg
embarrassing,neg
challenging,neg
exploitations,neg
abandonment,neg
expropriating,neg
boycott,neg
collision,neg
misclassifications,neg
dishonors,neg
seized,neg
lacks,neg
allege,neg
condemn,neg
overcharging,neg
frivolously,neg
breaking,neg
hampered,neg
understatements,neg
monopolistic,neg
reject,neg
dismisses,neg
embargoing,neg
weaknesses,neg
questioning,neg
corrections,neg
absences,neg
pleaded,neg
refuse,neg
criticize,neg
rationalize,neg
groundless,neg
repossessing,neg
deterioration,neg
usurped,neg
retaliate,neg
impermissible,neg
egregiously,neg
misjudging,neg
nonperformance,neg
setback,neg
distortion,neg
deterring,neg
suffer,neg
disagreed,neg
discloses,neg
misapplications,neg
susceptible,neg
assaulting,neg
reluctance,neg
late,neg
absence,neg
misunderstandings,neg
disagrees,neg
mistakenly,neg
fines,neg
underestimate,neg
hurting,neg
incompleteness,neg
abandons,neg
embezzles,neg
embezzler,neg
prejudices,neg
unusable,neg
imperil,neg
misuse,neg
prejudiced,neg
complain,neg
deteriorates,neg
divested,neg
evade,neg
deteriorated,neg
inordinately,neg
neglects,neg
dishonorable,neg
harm,neg
litigations,neg
bankrupted,neg
disclaiming,neg
slowdown,neg
irreconcilable,neg
inactivates,neg
missed,neg
convicting,neg
prosecution,neg
discouraging,neg
misses,neg
inactivated,neg
postponements,neg
overturns,neg
untruthfulness,neg
misstatement,neg
difficulty,neg
abnormally,neg
overshadowing,neg
reparations,neg
curtailed,neg
eroding,neg
overbuilding,neg
omit,neg
defrauds,neg
prejudice,neg
threat,neg
corrupting,neg
devolve,neg
rationalizing,neg
mishandles,neg
purport,neg
abrogates,neg
discouraged,neg
disregarded,neg
noncompliances,neg
mishandled,neg
defects,neg
adulterating,neg
miss,neg
contended,neg
abrogated,neg
impairing,neg
unfavorable,neg
divorce,neg
threatening,neg
conspirators,neg
disqualification,neg
oversupply,neg
litigated,neg
nullifying,neg
obstructed,neg
unrealistic,neg
inconvenient,neg
assaulted,neg
critically,neg
insolvencies,neg
defends,neg
contrary,neg
duress,neg
risky,neg
sentenced,neg
rationalizations,neg
depletes,neg
deterrences,neg
canceling,neg
overstate,neg
defect,neg
delisted,neg
encumbering,neg
depleted,neg
overturning,neg
cumbersome,neg
vulnerable,neg
lie,neg
reassigning,neg
evasion,neg
destabilizing,neg
vulnerabilities,neg
interferes,neg
unscheduled,neg
aggravating,neg
repossession,neg
interfered,neg
frauds,neg
inconvenience,neg
misstating,neg
coercing,neg
aggravations,neg
untruth,neg
termination,neg
boycotting,neg
aberrations,neg
deviations,neg
prolongation,neg
seize,neg
cybercriminal,neg
unreasonable,neg
devalue,neg
divestiture,neg
barred,neg
retributions,neg
hindrance,neg
deceitfulness,neg
lying,neg
mothballed,neg
sluggishness,neg
disturbances,neg
degrades,neg
defended,neg
unmeritorious,neg
mothballing,neg
degraded,neg
refusals,neg
aggravate,neg
delinquent,neg
destabilize,neg
penalty,neg
failed,neg
unjustly,neg
dysfunctional,neg
inadvisable,neg
unsuited,neg
undeliverable,neg
devastate,neg
ceasing,neg
abusiveness,neg
distraction,neg
grievances,neg
rationalizes,neg
divestitures,neg
incapacitated,neg
retaliates,neg
disregarding,neg
testifying,neg
retaliation,neg
sacrifices,neg
investigate,neg
overburdening,neg
retaliated,neg
wrongfully,neg
forego,neg
disparagingly,neg
disapproving,neg
irregularly,neg
abetting,neg
opportunistically,neg
arrearage,neg
omissions,neg
threats,neg
slippages,neg
unmarketable,neg
rejecting,neg
degrading,neg
disinterestedly,neg
incompatibility,neg
downturn,neg
burned,neg
corruption,neg
cancelling,neg
stagnation,neg
misstep,neg
hardship,neg
embargoes,neg
confiscated,neg
disallow,neg
mislabelled,neg
incident,neg
fatality,neg
condoned,neg
confiscates,neg
embargoed,neg
abruptly,neg
defunct,neg
carelessness,neg
offending,neg
unfavorability,neg
markdown,neg
ridiculing,neg
distress,neg
prosecuting,neg
solvency,neg
improper,neg
incompatibilities,neg
idled,neg
shutdown,neg
unsuccessful,neg
repudiations,neg
complication,neg
overlook,neg
negatively,neg
imperfections,neg
convicted,neg
threaten,neg
exculpate,neg
suspicious,neg
deter,neg
overloading,neg
recalled,neg
disruptive,neg
negligences,neg
overrunning,neg
unnecessarily,neg
stolen,neg
conspirator,neg
postponing,neg
tolerate,neg
missteps,neg
writeoffs,neg
error,neg
endanger,neg
mispricings,neg
misappropriations,neg
seizes,neg
costly,neg
impracticable,neg
guilty,neg
overlooked,neg
drawbacks,neg
redacted,neg
disappointing,neg
destabilization,neg
obstacle,neg
confining,neg
overestimations,neg
renounced,neg
expulsion,neg
counterfeited,neg
expropriations,neg
noncomplying,neg
miscalculate,neg
dishonor,neg
repudiated,neg
discredit,neg
counterfeiter,neg
renounces,neg
repudiates,neg
conflict,neg
pleadings,neg
understating,neg
delinquencies,neg
unsatisfied,neg
censure,neg
impede,neg
circumvented,neg
idling,neg
objecting,neg
abnormality,neg
forfeited,neg
delisting,neg
unannounced,neg
overbuilds,neg
grossly,neg
weakest,neg
grievance,neg
jeopardize,neg
exploits,neg
aftermaths,neg
confiscation,neg
exonerating,neg
questions,neg
dishonesty,neg
injuries,neg
contradicting,neg
retaliating,neg
correcting,neg
falsity,neg
unsellable,neg
deliberately,neg
questioned,neg
impairs,neg
violations,neg
complaint,neg
dysfunctions,neg
victims,neg
complains,neg
lacking,neg
condemnation,neg
displace,neg
suffering,neg
bribing,neg
worsening,neg
confront,neg
stagnate,neg
divulged,neg
mismatching,neg
ignore,neg
aggravation,neg
overestimating,neg
provoking,neg
confinements,neg
indicting,neg
stagnating,neg
denigration,neg
urgent,neg
felonious,neg
loses,neg
unreimbursed,neg
prosecutes,neg
indictable,neg
defamation,neg
miscalculated,neg
prosecuted,neg
dismally,neg
inimical,neg
weaker,neg
nonfunctional,neg
refused,neg
concealed,neg
cyberattack,neg
substandard,neg
exaggerated,neg
tortuous,neg
firing,neg
discontinuations,neg
unintentional,neg
adversity,neg
delist,neg
uncollected,neg
reluctant,neg
exaggerates,neg
obstruct,neg
hindrances,neg
breakage,neg
harassed,neg
abusive,neg
dissatisfaction,neg
purporting,neg
controversies,neg
bankruptcy,neg
criticisms,neg
acquiesce,neg
spam,neg
defaming,neg
misinforming,neg
question,neg
scammer,neg
annulment,neg
exonerate,neg
mishandle,neg
disallowed,neg
confessing,neg
tragedies,neg
litigate,neg
collapsed,neg
disproportional,neg
devolving,neg
tragically,neg
overvaluing,neg
forbidding,neg
collapses,neg
usury,neg
persisting,neg
rejection,neg
denigrating,neg
slander,neg
confusingly,neg
retaliatory,neg
precipitated,neg
devastating,neg
abruptness,neg
enjoins,neg
unsafe,neg
deprive,neg
markdowns,neg
denying,neg
forestalled,neg
disappoints,neg
unjustifiably,neg
scrutinized,neg
objection,neg
inequities,neg
malicious,neg
fears,neg
invalid,neg
preventing,neg
relinquishments,neg
defrauding,neg
unjustifiable,neg
confine,neg
deviate,neg
incidences,neg
wrongly,neg
accidental,neg
understatement,neg
litigants,neg
resign,neg
drag,neg
unsalable,neg
stoppages,neg
dishonoring,neg
neglectful,neg
deterrence,neg
overlooking,neg
complicating,neg
repudiation,neg
urgency,neg
bribe,neg
inaccuracy,neg
failures,neg
infringing,neg
intentional,neg
collusive,neg
illegible,neg
breached,neg
unforseen,neg
concerned,neg
dissidents,neg
enjoined,neg
breaches,neg
breach,neg
carelessly,neg
deprecation,neg
manipulates,neg
misinterpretation,neg
oversupplying,neg
dissents,neg
manipulated,neg
accuse,neg
renouncement,neg
defamatory,neg
severely,neg
uncovering,neg
disclaimed,neg
uncompetitive,neg
verdict,neg
catastrophes,neg
lapse,neg
disclaimer,neg
pleas,neg
limitations,neg
sacrificial,neg
overcapacities,neg
renegotiate,neg
picket,neg
punishing,neg
overshadows,neg
encroachment,neg
malice,neg
unprofitable,neg
closeouts,neg
plead,neg
manipulating,neg
unavailable,neg
discontinuance,neg
exacerbate,neg
inconveniences,neg
aberrational,neg
punishment,neg
volatile,neg
pleading,neg
oversupplied,neg
harassing,neg
slowness,neg
uncollectible,neg
overvalued,neg
sluggishly,neg
confiscating,neg
adulterate,neg
distressed,neg
contradiction,neg
closeout,neg
evading,neg
deceased,neg
defeat,neg
abandonments,neg
deterrents,neg
danger,neg
forbid,neg
reassignments,neg
confession,neg
offends,neg
distractions,neg
anomalies,neg
manipulate,neg
writedown,neg
recalling,neg
illegal,neg
encroachments,neg
doubt,neg
forestalling,neg
incarcerations,neg
defendant,neg
confiscate,neg
divests,neg
mismatch,neg
confused,neg
insufficiency,neg
opposing,neg
sharply,neg
annoy,neg
irreparably,neg
challenge,neg
recession,neg
recessionary,neg
irreparable,neg
cybercrime,neg
purports,neg
impedes,neg
exonerations,neg
unanticipated,neg
inaccessible,neg
impeded,neg
recklessly,neg
forestalls,neg
overtly,neg
corruptions,neg
contempt,neg
counterfeit,neg
defective,neg
destroying,neg
justifiable,neg
delay,neg
dismissing,neg
weaken,neg
immoral,neg
misdirected,neg
counterfeits,neg
incompetence,neg
summonses,neg
hazard,neg
halted,neg
perjury,neg
abuse,neg
restructures,neg
incompetency,neg
perpetrating,neg
unforeseeable,neg
hinders,neg
mislabeling,neg
interrupted,neg
acquitted,neg
alienation,neg
irregularity,neg
violator,neg
understate,neg
colludes,neg
purported,neg
doubtful,neg
offences,neg
contending,neg
embezzle,neg
uncollectibility,neg
colluded,neg
unsustainable,neg
complicate,neg
overvalue,neg
dispose,neg
imperfection,neg
slowdowns,neg
inconsistencies,neg
unliquidated,neg
demolitions,neg
criminal,neg
diverts,neg
violating,neg
contention,neg
denigrate,neg
negligent,neg
disrupted,neg
impaired,neg
disgorgement,neg
overcharges,neg
corruptly,neg
panic,neg
preclude,neg
sacrificed,neg
unpredictably,neg
unpredictable,neg
overcharged,neg
shortage,neg
disregard,neg
erratic,neg
restatement,neg
exacerbated,neg
aggravates,neg
annulments,neg
abrogation,neg
restructured,neg
aggravated,neg
deficiency,neg
exacerbates,neg
disinterestedness,neg
underreporting,neg
dismissal,neg
relinquishing,neg
criminally,neg
overproduction,neg
escalate,neg
malfunction,neg
insolvent,neg
postpone,neg
sacrifice,neg
deceptions,neg
dissented,neg
dissenter,neg
conflicts,neg
embarrass,neg
delinquency,neg
nullify,neg
prevention,neg
hostile,neg
deprived,neg
illicit,neg
hindering,neg
confrontations,neg
barriers,neg
diminishes,neg
deprives,neg
reassessment,neg
exonerated,neg
boycotted,neg
embarrasses,neg
confuse,neg
embarrassed,neg
gratuitously,neg
mischaracterization,neg
lagging,neg
foreclosures,neg
forfeits,neg
nonpayments,neg
vetoed,neg
deceptive,neg
chargeoffs,neg
divestments,neg
forgery,neg
forgers,neg
precipitously,neg
misinformed,neg
misunderstood,neg
pervasive,neg
debarments,neg
unoccupied,neg
defacement,neg
overpayments,neg
depressing,neg
manipulation,neg
diminish,neg
misappropriation,neg
kickback,neg
objectionable,neg
abolishes,neg
calamity,neg
injured,neg
malpractice,neg
abolished,neg
misunderstand,neg
accusing,neg
false,neg
deterred,neg
fail,neg
alerted,neg
defending,neg
interruptions,neg
inactions,neg
demolishes,neg
provokes,neg
infractions,neg
concerns,neg
demolished,neg
alienating,neg
divert,neg
injunctions,neg
persistence,neg
evicts,neg
disavowal,neg
disgorge,neg
disappointments,neg
harmful,neg
offend,neg
demise,neg
misjudgment,neg
overestimation,neg
deny,neg
taints,neg
unconscionably,neg
upset,neg
artificially,neg
disallowance,neg
rejections,neg
deface,neg
improprieties,neg
violation,neg
misclassified,neg
fear,neg
litigation,neg
untimely,neg
redressing,neg
exacerbating,neg
endangers,neg
nonpayment,neg
misjudge,neg
prolong,neg
ineligibility,neg
unable,neg
inferior,neg
prosecute,neg
sued,neg
disappointingly,neg
plaintiff,neg
sues,neg
misbranded,neg
fallout,neg
unjustified,neg
circumvents,neg
misappropriate,neg
unauthorized,neg
deceives,neg
impounding,neg
evictions,neg
defame,neg
allegation,neg
protesting,neg
unfeasible,neg
fatalities,neg
predatory,neg
liquidators,neg
deceived,neg
omission,neg
accuses,neg
catastrophic,neg
subpoenaed,neg
accused,neg
unfairly,neg
confrontational,neg
exploited,neg
uncollectable,neg
frustrates,neg
droughts,neg
difficulties,neg
confusion,neg
harsher,neg
frustrated,neg
overestimates,neg
setbacks,neg
derogatory,neg
misinterprets,neg
wrongdoings,neg
interfere,neg
embarrassment,neg
recessions,neg
postponement,neg
delinquently,neg
disproportionately,neg
impairments,neg
declining,neg
undetermined,neg
revoked,neg
deficits,neg
strains,neg
liquidating,neg
illiquid,neg
acquiescing,neg
uncollectibles,neg
misapplies,neg
opposition,neg
detrimentally,neg
diminution,neg
liquidations,neg
indict,neg
misapplied,neg
coercive,neg
confronts,neg
overpayment,neg
tortuously,neg
quit,neg
embezzlements,neg
mismanage,neg
overestimated,neg
backdating,neg
slowly,neg
misapply,neg
curtail,neg
anomaly,neg
abrogating,neg
negligently,neg
harshest,neg
interrupts,neg
scrutiny,neg
disorderly,neg
shortfall,neg
underutilized,neg
overturn,neg
derelict,neg
imbalance,neg
abandoned,neg
abrogations,neg
inaccurately,neg
hampering,neg
discontinuation,neg
prolongations,neg
dissent,neg
delaying,neg
restructure,neg
disapprove,neg
excessively,neg
tampered,neg
precipitous,neg
imprudently,neg
exculpation,neg
denial,neg
liquidator,neg
calamitous,neg
concealing,neg
adverse,neg
frivolous,neg
difficult,neg
discourages,neg
conflicting,neg
balk,neg
restating,neg
disagree,neg
monopolists,neg
discredited,neg
injures,neg
destruction,neg
renegotiates,neg
disappears,neg
obstacles,neg
overshadowed,neg
perpetrate,neg
displacing,neg
catastrophically,neg
renegotiated,neg
inconsistently,neg
excessive,neg
negligence,neg
abdications,neg
slippage,neg
mistaken,neg
mistakes,neg
cyberbullying,neg
underperforming,neg
disturbance,neg
untruths,neg
arrest,neg
unaccounted,neg
counterclaims,neg
disappearance,neg
protesters,neg
turbulence,neg
displaced,neg
incompletely,neg
exploiting,neg
disallows,neg
eviction,neg
displaces,neg
lose,neg
underestimation,neg
divest,neg
inexperienced,neg
poor,neg
liquidation,neg
abusively,neg
redress,neg
relinquish,neg
neglecting,neg
disrupting,neg
contested,neg
objected,neg
perils,neg
manipulations,neg
redactions,neg
warned,neg
hinder,neg
inaccurate,neg
worthless,neg
curtails,neg
dismissals,neg
unsuitability,neg
nonconformity,neg
misrepresentation,neg
adversary,neg
retribution,neg
illegalities,neg
exacerbation,neg
litigating,neg
insufficient,neg
fatally,neg
overpaid,neg
contractions,neg
argumentative,neg
unfavourable,neg
downgrading,neg
dispossesses,neg
malfeasance,neg
relinquishment,neg
overproduced,neg
dispossessed,neg
uncontrollably,neg
prejudicing,neg
lagged,neg
indictments,neg
adversarial,neg
disapproval,neg
overestimate,neg
frustration,neg
crucially,neg
divulging,neg
uncontrollable,neg
cyberattacks,neg
hazardous,neg
defames,neg
nonproducing,neg
contradictory,neg
nonrecoverable,neg
defamed,neg
embargo,neg
dangerous,neg
distract,neg
imbalances,neg
problem,neg
inadequate,neg
mislabeled,neg
slowing,neg
erring,neg
unsavory,neg
recklessness,neg
misstated,neg
conspired,neg
revocation,neg
countermeasure,neg
claiming,neg
fraudulent,neg
detain,neg
unrecovered,neg
conspires,neg
misstates,neg
disproportion,neg
suspiciously,neg
underpayments,neg
underpayment,neg
reckless,neg
illegally,neg
traumatic,neg
contends,neg
frustrate,neg
acquits,neg
alienated,neg
unreasonably,neg
undercutting,neg
persistent,neg
monopolizes,neg
alienates,neg
accidents,neg
unreasonableness,neg
confess,neg
